OrgNummer ,Name 
559150-0029
556483-3506
556660-1075
556899-6598
559011-8088
556572-9000
556108-5324
556338-9617
556854-1816
559068-1804
559130-5585
556880-5328
556775-6852
556773-8363
559153-7310
556952-2633
559002-6422
556953-8720
559081-7069
556657-5469
556680-6583
559105-6394
556709-9279
556979-0362
559193-3238
556291-1379
559108-2325
556627-6670
559059-0054
559201-5522
559158-4841
556139-7026
556916-2687
559127-2470
556653-4169
556239-6050
556705-4308
556565-7557
559146-9845
559066-3489
559029-7072
559127-6802
556721-4274
556975-2834
559009-2929
559118-0046
556881-0948
559036-9632
556969-5611
556651-8774
556399-8151
556953-6096
559143-8352
556497-1280
556322-6249
556415-6262
559105-0975
556439-6439
556187-3224
556524-4489
559055-9687
556708-3984
559144-8773
556866-4535
556968-0969
556887-2641
556833-7959
556965-7801
556536-7637
556746-6304
556639-9118
556687-6842
556871-8166
559131-3118
556688-9225
556604-1447
556868-1794
556688-5058
559130-6450
559074-0485
556877-3096
556863-4983
559018-5582
556959-7130
556807-2580
556692-3727
559030-2187
556969-0794
559064-6658
556560-7669
559069-3171
559113-0017
556653-4094
556413-4707
559044-2991
556946-7078
559024-8620
556948-8561
556796-5149
559120-2345
556335-0486
559145-0563
559170-8689
556804-8515
559192-8758
556772-6699
556949-2688
556817-2380
556737-4136
559035-6449
556984-3245
559006-6469
556399-0117
556993-9910
556712-6312
556590-8695
556938-2251
556997-6698
559046-6842
556966-4666
559012-8848
559107-1179
556703-0183
559076-6381
556851-5497
559070-6585
556556-9547
559102-9334
556936-5397
559076-8973
556327-7978
559078-7866
556546-4301
556368-8695
556822-3571
556516-0073
556990-8287
556828-0779
556791-8783
559023-3671
559170-7970
556702-6058
556967-8328
556786-0183
556221-3669
556787-7955
556898-9270
556787-2055
556706-9090
556191-8805
556406-1827
559167-0806
556857-3173
556706-1493
559158-9659
556496-6942
556923-2290
556910-9100
559157-3265
559135-6208
556969-3269
559067-7471
556903-9307
556879-4639
556967-9904
556860-3855
556632-0619
556463-9788
559158-1995
556899-6861
556810-9077
559133-8818
556777-4384
556885-1546
559148-5221
559171-2848
556664-8589
556991-4632
556666-6599
556842-5580
556856-6060
559090-0345
556777-8120
559183-7850
556733-0096
559039-2626
556803-8706
556840-5178
559138-7245
556994-7285
559176-8857
556833-9187
559139-3441
559127-8444
559152-1173
556921-5212
556997-6037
556651-7271
556604-0803
559144-3626
556259-9794
556368-8919
556852-5868
556723-2813
559038-8335
556944-2360
556039-1350
556983-0366
559015-4448
559156-9289
556955-4925
556905-4215
556943-8038
556908-3164
556544-6043
556560-4708
556510-9385
559095-7113
559183-3891
556698-7771
559064-3176
556561-4376
556758-8271
559083-4262
556968-7360
559028-6604
556982-9368
559195-0232
556768-2413
559038-6511
556747-0538
556696-0034
556754-6923
556795-6106
559154-8747
559185-8062
559094-0218
559062-1834
556172-2850
556445-2513
556948-1988
559144-8674
556414-5547
556636-4922
556643-1523
556950-4227
556820-8044
559193-9946
559161-8201
559138-5066
556406-7832
556363-6173
556937-5339
556714-8589
556539-8046
559097-7145
559159-7033
556934-4244
559146-0596
556628-6794
559152-7055
556503-1027
556941-9483
559087-1801
556526-0527
559151-0523
556363-4913
556713-0785
556493-0013
556440-0488
556546-9870
556413-7403
559144-1752
556352-0377
559073-8836
559116-5963
556807-9585
556750-7586
559196-6360
556904-7052
559137-0704
559176-6687
556772-3753
556103-7689
556840-2837
559159-4972
556827-6132
559209-0269
559097-4589
556333-4993
556300-0511
556890-7538
559054-3806
559138-2451
556855-9784
556704-2014
559160-0332
559012-5984
556953-4497
556599-1931
556849-0634
559056-5874
556907-9188
559018-8305
556823-2085
559013-1388
559079-3740
556781-5849
556908-9096
556946-4059
559144-1703
556704-2329
556933-8519
556054-9841
559167-4865
556529-0169
556883-4716
556870-1378
556476-5211
559053-7592
559067-0302
556875-4658
559175-2620
559049-4315
556583-8611
556351-1335
559068-4337
556546-7841
559128-4038
559181-5161
556745-7634
556769-3659
556941-4583
556800-3924
559182-2381
556960-9687
556833-8726
556928-9654
556694-9870
559131-5162
556796-9885
559060-7460
556683-6200
559182-8099
556910-0216
559089-2039
559060-2404
559095-5513
559090-8314
556780-2532
559109-1268
559142-9401
556285-9008
556575-5815
556687-2528
559169-2610
556969-8995
559033-0931
556669-3502
556969-3996
559021-6684
556873-4759
559190-3264
559197-3093
559201-5266
556608-0866
556737-3385
559124-0980
556420-7404
559197-7417
556788-0637
556728-6330
559150-2603
559175-4402
556549-8085
556809-4253
556600-6382
556401-3695
556869-3062
556994-4043
559170-6683
556812-7079
556629-1539
559071-8838
559170-6857
559026-2837
556493-4197
556616-8331
559202-3435
556719-9657
559201-7460
556154-8123
556814-8075
556782-9386
559187-6684
556407-3293
556978-9331
556673-9180
556664-8019
556258-5124
556698-1931
556616-3670
556766-3199
559181-0436
556916-6613
556958-6430
556939-4991
556966-7180
556955-1079
556902-6163
556904-1766
556952-4472
556712-3905
556839-5593
559069-7461
559169-3436
559132-3356
556442-3076
556423-4259
556747-6451
556908-5102
556673-1005
556677-6869
559092-1507
559137-1850
556137-8182
556843-0283
559107-0395
556365-3889
556877-2981
559151-2255
556771-5205
556816-5046
559139-6618
556439-6512
556965-8072
556000-4037
556625-5096
559085-3577
556854-3234
559162-0975
556856-4305
559010-4831
556642-4296
559066-2663
556836-0571
556953-6468
556691-4007
556996-1252
556675-1052
559026-0237
556762-9406
556687-4979
556723-5238
559078-0044
556646-6453
559117-7703
559004-8913
559033-1160
556314-6603
559077-9459
556719-3429
556953-8423
556637-1976
559070-1115
556637-8286
559063-4795
556756-1484
556893-4987
559058-2010
556836-3708
559061-5877
556996-7887
559141-9196
556789-9801
559145-8285
559149-0882
556670-5793
556945-1320
559092-8858
556970-4843
559057-3282
556697-6998
559185-2552
556671-9364
556963-7696
556439-8724
559030-6626
556992-1199
559025-2200
559129-7451
556979-3721
559085-5010
556311-4288
556883-9004
556634-6879
556874-6019
556746-4598
556509-9370
556662-4820
556592-6804
559053-7253
556349-5240
556813-3051
559018-7281
556848-6731
556670-1289
556224-7253
556669-7230
556839-4851
559208-8792
556847-4802
556228-3399
556900-4350
559053-4052
559187-1545
556882-1226
559039-6312
559060-9219
556352-8792
556787-7039
556670-4143
556654-9407
556899-6499
556967-5159
559209-3644
559142-6761
559014-7376
556977-2048
559119-4922
559141-9436
556792-2603
559154-2567
559195-8656
556540-3531
556859-9111
559126-6878
559064-5494
556513-8723
556634-4130
556050-8474
559094-7759
556915-6622
556951-0059
559131-8588
556893-0274
556766-7976
556965-1499
556729-7451
556842-9400
556816-1169
559136-2214
556971-9346
556997-6359
556978-9224
556730-8175
556644-5622
556671-2443
556491-0205
556749-8521
556834-7321
556259-4464
556805-8068
559093-1241
556959-9417
559126-2364
556189-6290
559133-5525
559029-2495
559183-4824
556412-9889
559195-5462
556758-7653
559146-2964
556949-1375
559086-2354
559141-8610
556642-9337
556561-1638
559179-6528
556875-6794
559123-3308
556332-2030
556284-0545
556851-6370
559146-5306
556761-9589
556179-5054
556616-7739
556887-3045
556493-5020
559172-1658
556823-5435
559151-1612
556680-0966
559079-9689
556642-8388
559211-1354
556820-8432
556606-6998
559149-7101
559177-8211
559131-3431
559020-6693
559111-7303
556459-4231
559017-7498
556154-9600
556982-0383
556905-3183
559064-2921
559148-7524
559013-8466
556922-8801
556490-0131
556907-0799
556626-9550
559082-2283
559162-8762
559166-4171
556592-3454
559113-0553
556691-1128
556851-4268
556918-5928
556899-6150
559110-3089
559004-3724
556347-1654
556722-7144
556588-2528
556641-3612
556823-3299
556786-5190
556636-6422
556573-2665
559078-1190
556822-9685
556747-0454
559199-9841
556847-0966
556497-9093
559205-2004
556988-1344
556960-8028
559024-0411
556958-1159
556409-3291
559022-8697
556777-4889
556869-3922
556425-7532
559086-1935
556648-6204
556826-7206
559170-0751
556999-1366
556539-2890
556479-3205
556444-1433
556586-8626
556413-7379
556628-7214
556558-1120
556371-8781
556807-2911
556966-5754
556523-8796
556686-8971
559179-8862
556243-6591
559200-4864
559144-5696
556946-4901
559196-0553
559026-6796
556946-1527
556813-2103
559105-4548
556801-0481
556973-9369
556907-4064
556592-9832
556974-3692
556940-8221
556964-1342
559168-8030
556946-1147
559209-3404
559107-1138
556997-3679
559089-6683
556723-3597
556861-0207
559040-4827
556989-7910
556864-9916
556878-9761
556745-4318
556700-3636
559144-8336
556633-6383
556986-5917
559135-1175
556936-4507
559006-8226
556664-5056
559110-3436
559020-3732
559057-3902
559110-7262
559129-9432
556767-3644
556842-5127
559102-8104
556915-2027
559207-1194
559008-0130
556570-9028
556872-4537
556111-5659
556578-1746
559085-0615
559091-9501
559044-9178
559151-7437
556076-7054
556790-6176
559092-2463
556825-1853
559002-1647
556707-1807
559018-3470
556736-7635
556289-5275
559153-0299
556882-7181
559166-8495
559123-1971
556964-7596
556502-3305
556893-8434
556675-8727
559160-7758
559077-6216
556620-5257
556835-3071
556730-2855
556762-9737
556745-4334
556711-3534
556692-2943
559150-4336
556838-4928
556862-8852
559115-3928
559178-3476
556358-5933
559033-9841
559192-0284
556793-2503
556932-9294
556800-2439
556790-5731
559131-4116
559036-7024
556836-8533
556312-6068
556795-1503
556775-1879
556706-2855
556618-6382
556889-3928
556585-7736
556912-5817
556785-5530
556980-9659
559147-3037
559110-4384
556277-3431
556965-4592
556915-4247
559166-6655
559136-2321
556447-2784
559090-2457
556645-5431
559181-7100
556806-5667
556853-5545
556698-7540
559182-3512
559118-7066
556313-8618
556708-3109
556854-2756
556865-9972
556939-4231
556814-1450
556432-5933
556428-5707
559038-4227
559099-6251
559149-9487
559160-2916
559146-9159
556583-9783
556996-2060
559141-9253
556469-6986
556815-6649
556836-0118
556577-4154
556988-8620
559150-3023
559074-7779
559077-4385
559060-3857
556244-9818
556405-1570
559079-1785
556924-1226
556225-6742
556306-0457
556666-6045
556814-3373
556535-8370
556930-4974
556317-5461
559153-8086
556915-0666
556967-2768
559169-7387
559126-3842
556724-5047
559153-6718
556933-5085
556881-5038
559078-3113
556326-9645
559124-9502
559080-7532
559168-5309
556894-7021
556483-7184
556824-9808
559139-0934
556372-2098
559159-4055
556830-5709
559017-4222
556768-9582
556838-5727
556912-4182
556879-7285
559167-8528
556776-4807
559138-9431
556635-7389
559168-1613
556855-5865
559004-0043
556695-8426
556775-6381
556389-2933
556942-1422
559137-0902
559015-4273
556354-1977
556660-4897
559138-6353
559034-2191
556818-3718
559119-6521
559178-2718
559074-0303
556270-0954
556987-2798
556892-4855
559130-5726
559024-0171
556525-3068
559180-1443
556681-1195
556563-7120
556844-2569
556527-8966
556590-3290
556543-2951
556825-3800
556885-2429
556845-9134
556838-1692
559010-6380
559109-3876
556375-9934
556924-2554
559120-5934
556590-4041
556713-1312
556951-7492
556565-5973
556952-4811
556790-1995
559011-9060
556132-0366
559187-0752
559196-4928
559035-8130
556927-6248
559134-4600
559192-9442
559179-8490
559143-2777
559067-0641
556770-6469
556975-1521
556731-7499
559072-1410
559004-7923
559018-4080
559048-2724
556665-1328
556207-6926
559114-9363
556519-0229
559110-2891
559071-1163
556809-4469
559168-6240
556947-5923
559017-4321
556548-4648
556965-6787
559191-3701
559158-6044
556942-5365
556356-1033
556874-6381
559110-7593
556814-9388
556848-1922
556880-1525
556938-3150
556945-2724
559038-7998
559180-8653
556825-3289
556511-6893
556829-4317
556908-4733
559156-1237
556943-5539
556980-4072
559170-5503
559176-8394
559058-3521
559002-5945
559075-8552
556194-5634
556858-3255
556807-9304
559010-4039
556675-1870
556728-6397
556853-4225
559094-9201
556680-1352
559173-3406
559092-4337
556967-2610
556970-8687
556410-1698
556853-8291
559167-3446
559130-9611
559135-4401
556478-9153
556377-2804
556779-5215
559070-1610
556716-4685
556860-3517
556536-9484
556467-9438
559023-8571
556251-6806
559105-4878
556926-0259
556644-5390
556553-8864
559073-0718
556368-3548
556172-3015
556499-3490
559191-2638
556340-0034
559017-8660
556938-3408
556803-4465
556417-4471
559071-9729
556375-4596
556968-1355
556985-4051
556796-6907
556971-8918
556815-1251
559056-7102
556992-5182
556916-7363
559021-6056
559070-3996
556647-1438
556331-9457
556723-5865
556781-8231
556936-6148
556872-9288
556846-2799
559176-1316
556523-8481
559180-3787
559136-0937
559067-7976
559072-4786
559136-8831
556784-1944
556663-7665
556618-6101
559130-5676
559124-7910
559124-5674
556882-7561
556738-0711
559139-4738
556619-9971
559145-6461
556998-0468
556993-8474
556786-1413
556909-5572
559056-4125
556478-0517
556318-5528
556616-5709
556824-5004
559207-5666
556770-6428
556995-9728
556985-6536
556234-4472
556341-6204
556260-0675
556792-7230
556984-5414
556707-5246
559054-5660
559203-3020
556437-6878
559014-2112
556936-9324
559173-3950
556774-8966
556311-8172
556690-8454
559155-7201
556950-3575
556927-9457
556862-9306
556259-8127
556512-2578
556794-0902
556808-3363
556885-5414
556577-9773
556625-0873
556723-5113
556909-0888
559147-3482
556657-5105
556773-2325
556975-8112
556698-7235
559170-7202
556792-9533
556891-4377
559183-5482
556924-9955
556633-9643
556641-9247
556586-9103
556800-9517
556739-0330
559083-4171
556275-0389
556461-9145
556980-9907
556606-9547
559085-1019
556981-5201
556971-7985
556347-8014
556617-5278
556627-0616
559191-8379
559107-0577
556628-1506
556796-1254
556229-5294
556726-0376
559123-5428
556269-0965
556905-5204
556795-2311
556888-9504
556807-7142
556941-2124
559004-4540
559046-7972
556988-1435
556936-3251
559192-7859
556418-9651
559171-2434
559138-4432
556960-7533
556522-6635
556184-9729
556925-4419
559134-0822
556838-9059
556431-7641
556813-3382
559147-5156
559178-0068
559078-3667
556516-6179
559003-8872
559152-7519
556458-5361
559157-0105
559182-9212
559015-4877
559001-8007
556407-1917
556715-5907
559082-2135
556921-5824
559041-2564
556984-5240
559022-8101
559028-3767
556852-5140
556977-7492
556498-4259
556382-1023
556597-0562
559075-3603
556401-9049
559090-7456
556819-9813
559128-6595
556674-4313
559016-7747
559043-1572
556644-4070
556861-5677
556972-4726
559131-4124
556982-0300
556887-2146
559145-0209
556873-1854
556907-7539
559060-9128
559031-0156
559183-0020
559072-2442
556706-5056
556769-5035
559023-5353
559053-2700
556692-1010
559173-5237
556996-2342
556959-6272
559021-2501
559207-4883
556821-9728
556902-7617
556679-4086
559166-3496
556875-6372
556847-0495
556694-1117
556817-5417
559180-9057
556601-4220
556167-6247
556849-2275
556924-5466
556676-6183
556930-9759
556775-7819
556376-3449
559128-5498
559042-3082
556223-7411
556539-7667
556820-9414
556917-8667
556837-4168
556949-5905
556706-5429
559070-0026
556996-5048
559056-9041
559042-6218
559093-9327
556994-5131
556529-7925
559077-6364
556940-6316
559159-1168
559022-8283
556739-1213
556537-4302
556698-4141
556559-1640
559130-2186
559094-5548
556635-0020
559002-2025
559094-2537
556735-1092
556558-5980
556839-0685
559013-9845
559017-0741
559042-0237
559031-6567
556665-9735
559106-3952
559047-5298
559135-5994
559100-2265
556992-9465
559006-6576
556690-7621
556815-0089
559219-0515
556760-3393
559034-8503
556968-5414
556654-2030
556797-4877
556926-1810
556840-3884
556509-2458
559109-3363
556808-9899
559160-2759
556346-0400
559152-4425
556685-1274
556569-1150
556882-5029
556595-1802
556782-7133
556410-7661
559167-8593
556768-2041
556575-5781
559110-4434
556593-9419
556470-5266
559150-1886
556574-3639
556767-5987
556625-4537
559053-3070
559044-4559
556855-4348
556943-7550
559114-2756
559057-8729
559112-2428
556934-7064
559125-2274
556620-2320
556944-2436
559056-5320
559078-9151
556643-8361
559208-0708
559179-4663
556392-1062
556602-6646
556828-6941
556780-6079
556895-0827
556851-6701
556893-9317
556270-2356
556938-4455
556944-9217
556313-1878
556843-1620
556677-4864
556627-3909
559140-4982
559042-3009
556555-9282
556622-9026
556961-7060
559089-2393
556443-0386
559050-4030
559064-0396
559007-8001
556971-3968
556986-8580
559042-8073
559094-5480
556554-2437
559039-4267
556708-1608
559217-0681
559083-0732
559107-6236
559160-0209
556984-4896
559134-8429
559146-7385
559044-9764
556772-3589
559068-2976
559099-3340
556749-6210
556702-1638
556550-7315
559199-0105
559200-2181
556258-3756
559012-7295
556635-5342
556766-1383
556081-5572
556556-2336
556432-1908
556932-6571
556937-9802
559072-1576
556867-0516
559042-0831
556582-4884
556993-7245
556948-8132
559084-9229
559104-3434
559158-7166
556537-2033
559099-7200
559121-6543
559142-1861
559095-3781
556083-5224
559007-6666
559155-1014
559061-7832
559047-7898
556275-7889
556731-6392
559109-6556
559121-3524
559182-1375
559043-5516
559066-9395
556998-1201
556950-1991
556771-2632
559168-4807
556796-4969
559173-9981
556740-4792
556723-3092
559038-5992
556503-5960
556698-3747
556350-6376
559180-5154
556712-9498
559118-8551
556990-4609
556420-1720
556672-1295
559109-6580
556952-4431
559068-6803
556351-1632
559108-1277
559026-6408
556888-1139
559120-3616
556981-8379
556599-7011
559117-2118
556985-6171
556656-4273
556641-1319
559165-1368
556645-6298
559148-3812
556997-2689
559072-7656
559035-8551
559004-7741
559104-0455
556736-6561
559018-6531
559030-6139
559017-8025
559118-2380
559035-9955
559120-8417
556997-9940
559190-4106
559151-8112
556846-7897
559126-5177
556699-1765
556363-1083
556795-1974
559143-0144
556858-1622
556812-4977
556559-8678
556522-2048
559031-8969
556467-8117
559004-6552
556653-5539
556965-2968
556981-6019
556931-1060
556504-6322
559044-1001
556442-7580
559163-2392
559181-6607
556817-6910
556467-4132
559035-4303
556605-6916
559001-5664
556609-1384
556662-5942
556967-8112
556670-0604
559111-2163
559107-2219
559131-4819
559198-3035
556680-6872
556621-6510
556533-1674
559088-8441
556704-5454
556913-9198
559192-6281
556966-8824
556837-0869
559155-3911
559064-9900
556503-8410
559128-7601
556739-7251
559039-8268
556936-1669
556605-3764
556917-5341
556991-4301
556291-9877
559048-0934
559029-4723
556295-0617
556962-9495
556959-8047
556835-7254
556519-3629
559130-4356
556935-1009
556814-9974
559072-5114
559145-2775
556202-6798
559081-6145
559207-6482
556912-8738
556482-2087
556712-9274
556775-0327
559024-6228
556793-4350
556844-2544
556675-5202
556884-7270
559089-4639
559040-2508
559196-7558
556810-2494
559068-5383
559196-7053
559115-9289
556970-0635
556662-0398
556949-6127
556416-3573
556665-4603
556820-2955
559122-7532
556629-0754
559006-0132
556384-0429
556818-0805
556832-4262
559000-5327
559074-1947
559225-3248
559126-7439
556665-7564
559149-3423
559153-8045
556531-5263
556165-3139
556719-8352
559113-5719
559129-2155
556671-1627
556850-9060
556145-0791
559028-0730
559165-2341
556930-4545
556967-5076
556678-4152
556682-1012
559104-5173
556648-0462
556915-0583
556458-1071
559144-2453
556869-9820
559109-2597
556786-9697
556075-2015
556573-9223
556905-7580
556644-1688
559182-9790
556269-7523
556951-5926
556791-9443
556997-9676
559126-8403
556991-9656
559083-5780
556816-2159
559131-6913
559075-0534
556963-6508
559144-1240
559001-2539
556922-8272
559016-2532
556933-1043
556869-2734
559135-8162
559191-9302
556940-4675
559204-4175
559160-6313
556194-9727
556880-9445
559166-9394
556861-8879
559190-4072
556899-4478
556258-6338
556974-6455
556920-5643
556836-2288
559192-1571
559006-4506
556904-2236
556589-1347
556583-3323
556805-7813
556844-0241
556949-2613
556854-5346
556945-4035
556440-6089
556355-2131
559156-9420
559184-7727
559132-1582
556635-0566
559161-6692
556804-2120
556811-2113
556767-1770
559197-9413
559117-2431
556049-1267
559092-9815
556880-9593
556742-1556
556497-8467
556194-2490
556943-6966
556570-2361
556735-1332
559072-6062
556124-9193
556949-1508
556102-1618
559187-0802
556442-9263
559079-8418
556654-2170
556778-5166
556880-8124
556946-1329
559059-6127
556372-7840
556985-1552
559024-7101
559200-8485
559062-3764
559191-4139
556550-3686
556825-0335
556949-7927
556740-9015
559203-4986
556444-2225
556998-8578
556839-3267
556647-1404
559082-0931
556925-4344
559154-1676
556987-5452
556893-0852
559077-5598
559195-2733
559074-9064
559065-7879
556832-7240
556976-7170
556868-1257
556937-8085
556829-3749
559191-7397
556557-7672
556611-9128
556751-7171
556938-0396
556981-6084
556314-9664
556901-1983
559034-7398
559154-7772
559193-7874
556985-0802
559031-9900
559182-2472
556483-8307
559183-4238
559101-6737
556570-2015
556802-6966
556927-2056
556964-4981
559160-0936
556872-7092
559053-5471
556518-5989
556604-7329
556263-1100
559144-7312
556881-5186
556982-2975
556375-5692
556922-5757
556790-1136
556325-1841
559022-1569
556831-5211
556971-8033
556219-0834
556825-4543
556227-6351
556849-0188
559104-7757
556835-6959
556708-3240
559173-2713
556827-6728
556695-6370
559073-3845
556942-3428
559188-9380
556637-0432
556883-1464
556345-3835
559164-2102
556169-1238
556960-8457
556794-2247
559193-9367
556969-8276
559188-4944
559068-3933
556992-2387
559146-1453
556902-3368
556662-0786
556868-7445
559167-3339
556862-1675
556725-5822
559103-3765
556681-7580
556588-4987
559048-9406
556854-0420
556765-4339
559186-7972
559067-3504
559018-1565
556612-6578
559109-8255
559098-1691
556781-3802
556796-8564
559063-8481
556490-1980
556447-6850
556289-4179
556425-4802
556841-1036
556496-1208
556636-8667
559074-1806
559020-0241
556888-7789
559104-9373
559155-2293
559155-0453
556613-2139
559031-3358
556300-2095
559126-9799
556854-4505
559006-7343
556842-6109
559169-6330
559003-0788
559177-6579
556729-0332
556779-7401
556889-4645
556090-2180
559180-9156
556655-0017
556999-5466
556398-4813
556293-5048
556344-0659
556585-6555
559079-8228
556959-5019
556671-9281
559180-2813
556169-4596
559078-8872
556721-0470
556716-9908
556436-4932
556910-4218
559134-5359
559127-0565
556936-9795
559149-7507
556791-9518
556740-5781
559058-9643
556862-8365
556679-6412
556988-6665
556660-3444
559027-1317
556656-7219
559196-1650
556772-6350
559192-4146
556767-0533
559191-2216
556532-2277
559130-2210
556956-1292
556603-6124
556717-4221
559024-9958
559107-6889
559013-7732
559090-4123
559180-3266
556078-1212
556781-5229
559063-2120
556543-3538
556989-9619
556781-1210
559063-0652
556907-9287
559143-0516
556971-9015
556980-3983
559065-5766
556350-5139
559206-9669
556607-7292
559014-1866
559058-8975
556826-0987
556623-5395
556565-4216
556956-4015
556651-6984
556535-1763
559073-8018
559086-1091
559019-0079
556961-3465
556719-4054
559186-4813
559050-0962
556523-6725
556066-7502
556899-5079
556672-9967
556876-1273
556711-5877
556190-2205
559132-8702
556041-3832
559159-8650
559067-9162
559170-6402
559099-7556
556950-6867
556854-9694
556995-3036
559116-9585
556958-5408
559168-1415
559044-0516
559100-8866
556716-5112
559156-9453
556963-2432
559103-5646
556399-1966
556342-3499
559164-9651
556988-7697
559186-0597
559186-6149
556815-0311
559010-5374
559088-8094
559069-4591
556673-2748
559181-5641
556920-0362
559008-1559
556921-0908
559116-1467
559122-0651
556994-6923
559087-0795
556705-3458
559079-7576
556914-2200
556127-6402
556705-1908
556752-8814
556726-0566
559171-1469
556692-8809
559104-4242
556909-8030
559075-7448
556811-2717
559147-5727
556751-1836
556841-5573
556993-5991
556435-7506
559013-6320
556646-9135
556900-1158
559167-0780
559110-0044
556723-6699
559144-4731
556956-9105
556877-4318
556595-8765
556815-3554
556592-0211
556230-5382
556396-0805
556347-2116
556718-2141
556374-3326
556593-6050
556827-3014
556939-1245
556971-2622
556747-4845
559167-3685
559117-1417
556990-5291
556623-8209
556934-8708
559165-0121
559012-0233
556964-5392
556823-2648
556979-6252
559169-7825
559111-4672
556836-5059
559182-7315
556937-1114
556068-6502
556979-2046
559038-4755
556799-5732
556979-2244
556680-6823
556498-5090
559126-9336
556868-7890
559153-1503
556894-1883
556746-0695
556566-5634
556762-1908
559062-6080
556496-5225
556915-1011
559113-4209
556968-8426
556699-5956
559110-0168
556942-6496
556844-3252
556404-7586
556713-3466
556639-0679
556959-6223
556520-1299
556618-4346
556688-6072
556336-6946
556978-1353
556970-2276
556689-6451
559152-9390
559054-2717
559137-4268
559090-9643
559081-7481
556434-3928
556299-0811
559019-4113
556968-8533
559047-3178
556796-4126
556307-9739
556835-6769
556992-4011
559103-5893
559145-3484
556975-3584
559108-4909
556705-5412
559081-5394
559068-1119
556755-0057
559169-0994
556775-2885
556628-7883
556569-1143
556673-2243
556873-1706
556894-6189
556315-6305
556406-8574
556900-9375
559151-8492
556712-3657
556586-4732
556547-7857
559163-1428
559138-0521
556600-2670
556497-2775
556266-9324
556956-1664
556934-8237
559094-7312
559191-9948
556924-5706
559139-7228
556750-8501
556839-9942
556102-3200
559035-1903
559094-2776
556520-0382
559145-6396
556556-7251
556874-7843
556886-4325
559096-9852
556840-5079
559165-5492
559183-4758
559187-3558
556735-8717
559076-4576
559051-3106
559020-5273
556914-5104
556829-9589
556253-5871
556919-9937
556766-8511
559065-6541
556715-8331
556845-6254
556477-6705
556231-3691
556843-5092
559005-8102
556955-7787
556678-1885
556623-1980
559150-1225
556559-9734
556111-1641
556793-0879
556990-8097
556921-7259
556951-2774
556627-7983
559134-5540
556936-3434
556472-2071
559153-1750
556660-8559
559083-6291
556258-7427
559044-5556
559127-2512
559004-6677
556611-5522
559160-1207
556481-1270
559063-4803
556948-5666
556084-7773
556624-2235
556735-2512
556538-6983
559097-7038
556880-4768
559124-6524
559148-6229
559128-1133
556347-2405
556499-7582
556913-6855
556431-7336
556823-2390
559079-9747
559164-1997
556825-1994
556958-6992
559198-8653
556720-0067
559191-4196
559149-0478
556830-4611
559121-8879
556825-8023
559012-4649
556433-7854
559063-5289
556784-5861
556823-8835
559017-6920
559159-5680
556586-5101
559001-1119
556994-9976
556490-9793
556785-9102
556748-4752
556755-4950
556209-6676
559158-1268
559071-3508
556939-2052
559055-6436
559203-0083
556331-7782
556920-7953
556662-6858
556913-6343
556303-1235
556078-9967
559120-0703
556893-6644
556919-6495
556373-9001
559205-8332
559093-2223
556710-0887
559190-6473
559143-1175
559136-4640
556518-8967
559088-5918
559084-3669
556511-1233
556862-7441
559022-2948
556493-7117
559188-9703
556529-7651
556783-4212
559023-8258
556773-8728
556553-7791
556729-6198
556808-1839
559207-6029
556950-1959
556930-6375
556780-9602
556847-9645
559055-4043
556335-9511
559092-6274
556434-3548
556514-8813
556410-1003
559164-4421
556797-1386
556959-4640
556662-9357
559047-9522
559054-1768
556701-3767
556942-4723
556869-0183
559014-0819
556960-6840
556979-0784
556980-0732
559061-9143
556344-9031
556592-2258
556573-4653
559139-2963
556743-8725
559047-1800
559090-9171
559128-9318
559156-1682
556935-6438
559112-9993
559043-8148
559179-1123
556388-3619
559070-7427
559027-3404
556764-4553
559154-7855
556823-3828
556764-6038
556966-1829
559185-9821
559009-2473
556925-4815
559020-9333
556824-7695
556644-8899
556971-9296
556793-8401
556258-5710
559179-6684
556808-1359
556673-2268
556921-8687
556739-9562
556880-8678
556623-6112
559158-5731
556672-3614
559088-0810
559105-6709
556884-4400
559091-1326
556665-2656
556217-1909
556672-4976
556726-8650
556464-4002
559174-1102
559110-0929
559143-4997
556893-0472
556439-8518
559124-7977
556624-7499
556709-3496
559151-5316
556739-6279
559138-6098
559027-6662
556787-4242
559169-3097
559123-0312
556724-0329
559132-9080
556703-0084
559140-3489
556602-5747
556256-6587
556681-4959
556060-4653
556897-4264
559078-1455
556449-6346
556673-7564
559107-6137
556987-4935
556714-6328
559114-2830
559151-5415
556260-8058
559153-8946
559027-4949
556513-6685
556060-1394
556663-9091
559109-0633
556633-1566
559058-2002
559025-8637
556757-6037
559068-5524
556199-3691
556884-9003
556944-3665
556552-6489
556876-0010
556546-8328
559118-8304
559034-3108
556691-3215
556884-8062
556811-6387
556858-3487
556686-6777
559167-2703
559005-0141
556981-7827
559096-7617
556799-8215
556605-3343
556654-8862
556736-0556
559201-1505
559016-0767
556604-7196
556966-8139
559150-8204
559149-7267
556557-2350
556644-7867
559041-4693
559199-0626
556940-6472
559177-9813
559027-6647
556511-6273
556942-6553
556628-6075
556763-5486
556761-4432
556835-5464
559160-0266
559148-1501
556917-3965
556857-0518
559078-6140
556644-6968
556941-8741
559128-5076
556450-9155
556318-4109
556645-3584
559060-2263
556982-5564
559024-3407
556471-6479
556846-9778
559050-8437
556885-1470
556182-7253
556734-8247
556496-7973
559102-1844
556133-0001
559081-8943
559059-7687
559183-1325
556815-1939
556740-8280
556584-6622
556919-1397
559150-2173
559123-6053
559123-7168
556584-1581
556797-1865
556993-5421
556048-7976
559051-7099
556665-6079
556710-0978
556874-9054
556833-6027
559048-8283
556987-8233
556656-7961
556960-8853
559190-6010
556938-4851
559082-4941
559167-5078
559085-1381
556542-1293
556887-9471
556808-7778
556868-9250
559052-5951
559009-0931
556255-3122
559155-5395
556904-4950
556929-5321
559120-5264
556865-3124
559033-5781
556854-8878
556718-5029
556938-1345
556473-4001
556905-6582
559119-7669
559146-8466
559058-4289
556828-9309
556837-3889
556102-5809
556884-3345
559117-2670
559094-5324
556324-1024
556595-5126
556901-9200
556740-8884
556377-4966
556778-9150
556960-7459
559207-4776
556707-4868
556822-5519
556992-9440
556790-9410
556766-3272
556764-3514
559165-9098
556804-2112
559173-5674
559204-9596
556829-1412
556928-9456
556144-6971
559055-8879
556871-3555
559106-9512
556773-9395
559165-9551
556967-3865
559022-4647
556688-7740
556969-7260
556773-0907
559055-3557
559207-2119
556153-4263
556501-6119
556949-6309
559077-7834
559054-9324
559153-4697
559172-2656
556627-0517
556871-0957
559033-3315
556265-8046
556901-4334
556852-1677
556611-9979
556665-8273
559074-5666
559148-5973
556526-9023
556457-8788
559201-4814
556288-6282
556828-8533
559124-6516
556979-2392
559110-5308
556748-7441
556984-3146
559016-3621
556043-8748
559089-7723
556098-3248
556595-0218
556863-2524
556650-3081
556736-7023
556796-7483
556823-8678
559000-5053
556899-5442
556927-8053
556622-4043
559114-7540
556850-6157
556536-2026
556996-9354
559158-6630
556986-7939
559180-6707
556688-9282
559104-2568
556090-9847
559024-8307
559045-7916
556640-6772
556880-7134
559077-6224
556524-5411
556890-9658
556945-7350
559010-0441
559085-5838
559080-8720
559137-1322
556802-7162
556709-0849
556848-0254
559090-5294
559172-9883
556807-0741
556798-4454
556506-4044
556373-9803
556375-6740
556794-7311
556897-3720
556458-1451
556921-3944
559051-1456
556794-4086
556876-2511
556839-9082
556387-6365
559084-7173
559074-0956
556653-4656
556981-5763
556716-2754
556987-5221
556752-6586
556485-7570
556993-4705
559075-4858
556622-9737
556913-2409
556892-5795
556706-5759
559170-1841
556430-1348
556884-8807
556389-8930
556813-0545
559107-4108
559084-1101
556611-5696
556237-1772
556348-1216
556839-2020
556915-1417
556277-0676
556635-8957
556756-5725
556936-8227
556884-7643
559007-8761
556826-0896
559085-1431
556614-0496
556871-1336
556850-1422
556649-9256
556839-0933
556625-5450
556312-8064
556964-2449
559026-3462
556949-1201
559100-7520
556894-7666
559009-8231
556632-0494
559146-7823
559028-9723
556365-1065
556868-8963
559085-8444
559160-6602
559201-0804
556943-7089
556349-3229
556242-2062
556277-8091
559132-8686
556730-5056
556947-0577
556625-4172
559168-9079
556244-9438
559042-1979
559027-7991
556335-4215
559065-4223
556899-9691
556695-0753
559018-7554
556969-4689
556916-3834
556963-9908
556827-0689
556479-6950
556438-6695
556682-3521
559078-3063
556778-9010
556969-6189
556430-2262
556083-5364
556592-8115
556975-4046
556930-1632
556523-9166
559080-4711
556459-0312
556961-9595
556253-7414
556718-9245
556891-7461
559130-8530
556960-5214
556504-2313
556955-3539
556474-7276
559145-7568
556787-1339
559107-8620
556934-8781
556736-3006
556673-8380
559080-4752
559109-6903
559157-2648
556233-2402
556589-0356
556928-0067
556895-1973
556766-7059
556939-2870
559018-6994
556637-9342
556672-8316
559127-0508
556998-2613
559217-7314
556582-0452
559144-7163
556850-1703
559175-0913
556862-2079
556794-3542
556967-7643
556911-1726
559066-9387
556991-5647
556888-4968
559019-3685
559155-6559
556666-0972
559220-1585
556494-8874
556742-0558
556629-7601
556929-6659
556867-4823
559152-6172
556061-6111
556716-3471
556800-3486
556861-9042
559158-5442
556929-5586
559116-5278
559091-9675
556348-2297
559183-8700
559115-4769
559199-7134
556589-4150
559026-5939
556131-6331
559164-8125
559023-6542
556932-7066
556515-7459
556900-0200
556933-1423
556805-7219
559010-8980
556895-3029
556765-8132
559195-7385
556761-5652
556885-8525
559147-0033
556729-6990
559106-3465
559048-2278
559112-0067
559013-2246
556749-2367
556513-9499
559118-3263
559102-1505
556431-3400
559108-0030
556793-2818
556982-8899
556557-8688
556944-7286
556766-4478
556698-3721
559172-0643
559147-3110
556909-2579
559017-7985
556960-8341
559052-3162
559127-7917
559067-0013
556964-8735
556673-5600
556569-7165
556874-7017
556498-8656
559188-4480
556871-7101
556568-8685
559201-5944
556289-8212
556831-1525
559009-5104
556962-3845
556845-6114
556660-8914
556826-4997
556980-6382
556975-6298
556553-4467
556818-3999
556594-0185
556644-0987
556985-9563
559163-4190
559159-3974
559195-2436
559113-4175
559023-6054
556872-1145
559027-5870
556675-6820
556852-0075
556060-8472
556959-5050
559090-3281
556119-8549
556979-6435
559167-0061
559045-4194
559141-6077
559014-2534
556984-0407
556904-5510
559133-0955
556521-5430
559091-9162
556721-9463
559015-1485
556569-3420
559190-4098
559037-5043
556864-5443
556834-7289
559151-7833
559099-1864
559056-3432
556746-9407
556801-0853
556685-4096
556694-2099
556783-8718
556876-7783
556921-5220
556730-7466
556643-4378
559120-6312
556983-4459
559158-1581
559051-6851
556779-0349
559139-7723
556638-1355
559003-6165
556875-5564
556765-3695
559019-3446
559160-8988
556892-8799
556993-6908
559167-6779
556757-0618
556811-0406
556744-0945
556848-3894
559123-0205
556310-7027
556572-3961
556996-9362
559156-2573
556874-1713
556623-8266
556972-1607
556562-5661
556945-7806
556669-7610
556898-4768
556617-3075
556236-1070
556883-7180
556934-8955
556670-9944
556658-9163
559150-7032
559131-9339
559142-7355
559078-8336
559000-9949
556346-5979
559206-9024
559139-5602
556803-3483
556546-8823
556616-1096
556843-4376
556920-4257
556997-1863
559128-3329
556644-9889
559179-2436
556972-7950
559025-5302
559196-7723
559052-9516
559187-9282
556664-7417
556724-0527
556742-9948
556705-0157
556856-1236
559082-2168
556126-3913
556970-8125
559195-2915
556960-9737
556882-7553
556718-6787
556657-3118
556801-2354
556279-7463
556535-0377
556525-1062
556993-1560
556696-2907
559109-8701
559148-8373
556910-3814
559050-7579
559175-9658
556913-3134
559093-2660
556914-8389
556673-9149
556968-1405
556371-7015
556538-9128
556833-8585
556984-7097
556631-5064
559045-8492
559148-2228
556963-9551
556406-6768
556811-6700
556705-1247
559174-5731
556873-6051
556323-0746
556796-0561
556811-7948
559153-5157
556898-6078
556800-3627
559167-6365
556589-5363
556590-8570
559018-5319
559001-1812
559125-0864
556724-9619
556043-4960
559067-5178
556712-7401
556653-5166
556117-1892
559037-0150
559015-3028
556491-9651
559107-4900
559192-0987
556968-3500
559175-1440
559055-8952
556574-3704
556602-2363
559093-5028
559163-5601
556735-7172
556911-2302
556525-9560
559081-6459
559164-5170
559043-5029
556978-6592
556700-6977
559151-0895
556932-7132
559109-9766
556446-3544
556693-8873
556579-6074
556913-6319
556857-9238
556849-5559
559167-5300
556831-1236
556468-1798
559030-8507
556993-3301
556612-4995
556718-5367
559020-5323
556705-4001
556382-0140
556809-9799
556581-6088
556282-6866
556470-4905
556628-8840
559163-2822
559170-8713
559092-1259
559083-1771
556999-1432
556502-2331
556545-2918
556869-3468
556598-2104
556858-2158
556938-1733
556315-7014
556744-2883
556503-0094
556940-2851
556402-8552
556858-9146
556839-1246
556988-9255
556850-5175
556535-3785
556890-3966
559125-4940
559037-4137
556621-1784
556851-6719
559105-1346
556663-0512
559187-7104
556999-0079
556499-3821
556675-2647
559015-0958
556862-9777
556689-8499
556888-1659
556731-4009
556156-7511
556521-0464
556980-9121
556713-8325
556995-2731
556904-0735
556747-6071
556797-7268
559088-4606
559165-7910
556893-9580
556958-8014
556307-5786
559104-2311
559147-2880
556567-0337
559152-6016
556970-0544
556398-8640
556732-3240
559204-1882
559036-5341
556965-5482
559208-0971
559056-0404
559169-2669
556947-0023
559129-7816
556778-1199
556333-7533
559100-2752
556972-4148
559060-5373
559158-5830
556936-8391
556740-2473
556941-9905
556450-3075
559160-1686
559055-5636
556777-0960
556199-3949
556978-0652
556861-7400
559178-0563
556324-4226
556600-0906
556862-3937
559126-7843
556412-4963
556729-3146
556960-9380
556378-4247
556726-6050
556360-1623
556076-3186
556817-6555
559152-3146
556961-3580
559100-2067
556715-0379
556993-3707
556897-5055
556889-4041
559018-8446
559020-4185
556167-6015
559041-9023
556674-9247
556761-5249
556838-4050
559103-2056
556762-1130
556976-4821
556627-5060
556675-8479
556981-4022
556265-0084
556858-7314
559150-6554
556717-0724
556366-2120
559131-8604
559160-8384
556593-9914
559196-1304
556529-9400
556908-1820
556939-5329
556731-8059
559038-3799
559064-5692
556656-9934
556854-3978
559202-0977
559166-0351
556940-2638
556759-1390
559208-5194
559021-2451
556813-3465
556627-7975
559088-6643
559132-4024
556895-3482
556492-3018
556183-9100
556937-9141
556742-3032
559061-1116
559117-2399
559155-2079
559182-6721
559019-4204
556900-1505
556645-3022
559130-5791
559087-4359
556225-7138
559099-3282
556034-3641
559038-2163
559182-1573
556823-0725
556585-7157
556839-2962
559123-7507
559142-4949
559194-7501
556747-8952
559130-3671
556523-4092
559050-3636
556976-3153
556922-5690
559130-3622
559063-2831
559028-0227
556954-9917
559096-5355
559082-6185
556887-4837
559016-8166
559188-4381
559033-2473
556943-6388
556782-4049
556709-8735
556986-8929
556983-8872
559205-2780
556955-3646
556868-2651
556468-5674
556924-6878
556743-5051
556717-7117
559185-9557
556711-1538
556384-1922
556912-0800
559079-6529
556882-5128
556221-1721
556295-0534
556038-4363
559071-3417
559170-2336
556837-0968
556949-7430
556941-1142
556768-5994
556461-0896
556964-3249
556720-8540
556861-5909
556964-5376
559183-9161
556967-1810
559179-9746
556737-0407
556952-9232
556494-0061
559002-1803
556648-7830
559175-8262
556818-5275
556842-8782
559178-5364
559199-5625
559114-6856
559175-9443
559016-6236
556628-0359
556799-8371
556617-2010
556188-7778
556831-4610
559084-9807
556687-7543
556978-5958
556271-8584
556957-9500
556913-9495
556763-7714
559094-7676
556329-2514
556618-6366
556876-7932
556619-0699
556556-1932
556859-0300
556451-0690
559152-3906
556493-3389
556310-7977
556567-9932
556031-1358
559143-1357
556928-1214
556355-9219
556331-4078
559142-9666
559079-2601
556756-9057
559155-0636
559031-8647
556565-0354
556863-0635
556353-3040
556386-7067
556767-7199
556573-9173
559194-6719
556877-9168
559109-8792
556808-4379
559210-4987
556770-2716
556995-2426
556915-3835
556966-7800
559075-9857
556845-4838
556463-9267
556661-6081
559114-5288
559067-9493
559179-6668
556881-5533
559176-0516
559069-8923
556732-2648
556971-4768
559007-0057
556611-4673
559101-5754
559100-0624
556993-1362
559004-2957
559035-2893
556617-4073
556997-2929
556669-1431
556943-0803
556892-8492
556324-7112
556914-8777
556479-3197
559021-3202
556927-9754
556703-2932
556754-1478
556991-2537
556933-9152
556840-4957
556518-3950
556930-9221
559041-8587
556901-0423
556973-5698
556788-7442
559100-6647
556557-3531
559164-9925
556880-8009
556997-2713
559154-3821
559127-6869
556841-2729
556938-3192
559036-1977
559140-1301
559160-3419
556981-0111
556845-1925
556837-2154
556969-4135
559137-0068
556972-9618
559188-7269
559161-7344
556296-5268
556768-7065
556361-7777
556477-6507
556783-4048
556485-3462
556895-7426
556901-0720
556551-7793
556965-7454
559138-1214
556302-9551
556814-2292
556954-6129
559071-0330
556997-4453
556601-2836
556619-1978
556982-1977
556975-5464
559092-6217
559093-6703
556666-9213
556991-6777
556636-3957
556643-7504
559136-8724
556725-3793
556631-1790
559117-9691
556912-6823
556726-0673
559170-7525
556940-9096
556845-3392
556239-9682
556433-2665
556238-3389
559164-5659
559088-9050
559123-8356
556885-3310
559139-5941
556758-2506
559024-6699
556829-6361
556639-7310
559083-3025
559027-1788
556675-9634
556564-1585
559198-9586
559041-2671
559006-3052
556958-6877
556697-8937
556928-2352
556906-3463
556968-8954
559053-3377
556798-2896
556785-0895
556900-9037
559117-6861
556870-1196
556888-9074
556744-4269
556270-4550
556434-1278
559054-0067
559192-5697
559108-8629
559169-5175
556798-8117
556815-6367
559107-1062
556953-8290
556412-4872
559018-3454
556576-0815
556770-0397
556866-6035
556279-0336
556573-4067
559060-8294
556393-8967
556951-5140
559170-7251
556975-8377
556849-4347
556860-2402
556868-0192
556773-0139
559139-8440
556699-6277
559182-1243
556761-8557
556696-1800
556834-3072
559087-9101
556298-2776
559166-3850
556706-4406
556778-0001
556318-9777
559029-2115
556792-2587
556720-3756
556236-0015
556912-2384
556796-4019
556257-5422
556952-7848
556760-3013
556557-5627
556322-2396
559028-2686
556875-0128
556416-6212
559017-0089
559159-4089
559057-4876
556965-7231
556937-5255
556932-7694
556873-2886
556652-5191
556869-1934
556907-4411
559184-9814
556768-3817
556872-0246
556884-7999
556057-3353
559154-9620
556942-3915
559015-3440
556373-7534
556220-9535
556917-8014
556728-6579
559103-4474
556880-8256
556635-7371
556787-2998
559158-0179
559040-7150
556677-7578
556380-5257
559093-4815
556890-3321
556723-0635
559180-6301
556981-7629
556902-7088
556484-2978
556917-0268
556508-1865
559004-2908
556998-0476
556996-5071
556475-5089
559039-7062
556764-6400
556689-5701
559197-1857
556546-0101
559136-5118
556918-1075
556902-7625
556624-3704
556977-1578
556308-5447
559164-7846
556310-4909
556729-8871
556572-4811
556741-1300
556844-5653
559113-9067
556984-7329
559162-3458
559103-5471
556893-2957
556825-6993
556535-4460
556226-6642
559035-1465
556403-6605
556539-9523
556666-0279
559062-5926
556639-6163
559106-1196
556852-8052
556875-7701
556919-6248
556753-0778
556927-9887
559035-1473
556666-0865
559093-3098
559159-9385
556543-9303
556657-1377
556663-5909
559123-5808
556583-8777
556537-7131
559176-9996
556736-3378
559091-8214
556884-0093
556829-9415
559198-5030
556703-5141
556784-1027
556603-8468
556962-0684
556439-9177
559029-6876
559190-6424
556983-2164
556994-4357
556455-2429
556742-3602
559093-2413
556578-8741
556606-1304
556356-3443
559185-5001
556412-1357
556745-4425
559049-0727
556466-9926
559004-6453
556718-9880
556999-8270
556089-9279
556343-3746
559089-1403
559011-0077
556512-5647
559052-4871
556502-2307
556700-8775
556947-4918
559130-9462
556789-4489
556973-0103
556823-4156
556942-3071
556883-3320
559089-8846
559029-5498
556469-2688
559091-2704
559144-5852
556708-1038
559008-4280
559172-9131
559162-8218
556984-7121
559043-7181
556560-6448
559039-1008
556665-9362
556482-1568
556485-9113
559133-0005
559123-9511
556554-2841
559083-5616
556782-4270
556830-3373
556582-5428
559187-7187
559089-9315
559025-7167
559035-5136
556918-5654
556911-3417
556258-2592
559116-3976
556802-9689
559004-5943
559072-6963
556559-9643
559015-7003
559065-0718
556903-6980
559136-1273
556606-3144
559162-8176
556982-2744
556719-4278
559106-7300
559141-3009
556558-3712
559085-7438
556392-0395
556918-5662
556936-1271
556184-3680
556749-8919
559198-8737
556567-4933
556988-1005
556250-1477
556564-0082
556106-6464
556561-7890
556774-5970
559101-5499
556975-5316
559057-5618
556940-5235
556426-4777
556924-7678
556143-9745
556918-6876
556835-9581
556404-9665
556818-6836
556712-8359
559161-0539
559026-0864
556734-1853
556361-2661
559158-8446
559017-5765
559082-8629
559017-4909
556645-0879
556674-8546
556726-0855
556910-5587
559158-3041
556825-4477
559158-0351
559035-4329
559113-9307
559049-2871
556399-5538
556889-3902
556815-3836
559025-2879
559138-1149
559065-8182
559108-7910
556870-9470
556690-6458
559037-8815
559142-2224
556322-1760
556861-1049
556896-4315
559137-0415
559002-4898
559058-5484
556195-8157
559109-7075
556982-6596
559074-2978
556772-2052
556265-1454
556272-6181
556864-1541
556897-6947
559065-6350
556921-2482
556695-2551
559119-9871
556594-0201
556716-0402
556790-9683
559113-6105
556996-9651
556704-8649
559059-0153
556864-4735
556758-4239
556834-8261
559033-1608
556616-3878
559111-6263
556961-5494
559027-6340
559191-6399
559144-9037
556909-2694
559138-6205
556512-5944
556645-0572
556952-0538
559036-2991
559207-9817
559113-4670
559014-5297
559077-0995
556951-7419
559127-2553
556950-1140
556950-6156
556533-9180
556830-9156
556500-7118
559178-7014
559065-7812
556991-7759
559083-2746
556070-4586
556777-3618
559043-1671
559165-4586
556910-7898
556176-5925
559018-5665
559060-0481
556635-2190
556546-3345
556347-4997
559086-7619
556455-1157
556832-0989
556743-8683
556911-2880
559105-1726
556155-6126
556736-2842
556772-8430
556911-8051
556700-7413
556704-8672
556910-3046
559061-9853
556985-2840
559159-1341
559129-1363
556822-9172
559037-2123
559058-0618
559181-1590
556983-2156
559006-6915
556581-2046
556947-0247
556758-2159
556857-6754
559134-5698
556514-2667
556979-2939
556941-2900
556915-4346
556402-1136
556776-5556
556521-7204
556842-3395
559007-2046
559123-1336
556639-2600
559211-6973
556711-3724
559077-8022
556865-8552
559132-5559
559069-2793
559141-6093
556752-2262
559121-5479
556880-0519
556588-9242
559052-4905
559166-1946
559153-3095
556704-9761
559081-0577
559013-9647
556857-3892
556744-1661
559057-2185
559050-7843
556347-1555
556706-1451
559020-7386
556922-0824
556386-8156
559062-4895
559072-9553
556856-5724
559198-8059
559071-6006
556916-7603
556157-5308
556840-7117
559138-0679
556264-6058
556845-5280
556904-3721
556416-9794
559034-5780
559075-4130
556599-2368
559170-5842
556802-2759
556802-2304
556883-4476
559027-3545
556952-2237
559008-0395
556600-7281
559179-7617
559053-2148
556249-0630
556747-6758
556930-9171
556615-1881
556838-4720
556929-2856
559144-6470
556973-0301
559168-3007
556647-5306
556797-3622
559134-5243
559154-0678
556401-5393
559074-7761
556142-3152
559200-0946
556968-4581
556770-8721
556902-0133
556881-1466
559099-0361
559109-2175
556809-6621
559128-9904
559132-2333
559062-5991
559139-6097
559036-0276
556262-9773
556326-0743
556217-4408
556106-4782
556761-5959
556916-0244
556900-0077
559024-5303
556615-8381
556732-5419
556509-8075
556855-1344
556955-5716
556938-5692
556688-3236
556706-4224
556727-8733
556704-1412
556686-3071
556167-8789
559012-4482
559075-4148
556960-7806
559133-4395
556523-0728
556922-3661
556393-9890
559132-4479
559170-5834
556669-1076
559055-4951
556959-0366
556746-2618
556607-8027
556671-2682
556701-6976
556160-6400
556704-6460
556966-9988
556557-2210
556985-5819
559106-6849
556692-5516
556458-1444
556765-2101
556912-4372
559166-7687
559013-8540
556953-0420
556717-7349
556954-6020
556747-8002
556932-0467
559115-4173
559005-9050
556685-3270
556826-5283
556083-6479
559138-1156
559061-3179
559188-9299
556957-5961
559055-8705
556488-4186
556655-4902
556870-2053
556380-5414
556296-5243
556616-5766
559046-5299
556304-2075
556888-7243
556810-6834
556884-9144
556828-6677
556839-8977
559144-8591
556895-3524
556806-5295
556196-0849
559207-3737
559195-8136
556359-9686
559173-8066
559003-9847
556379-8635
559084-6423
556843-6587
559192-4708
559045-0259
556181-5910
556985-9449
556151-4992
559158-9089
556999-7033
556271-2314
559095-3294
559187-6817
559027-0855
556702-3444
556287-7216
556686-6389
556507-1031
556833-7876
559023-8373
556916-6084
556661-1611
556961-3291
559169-6801
556905-2292
559133-0807
556817-3644
559131-8778
556979-3325
559180-6194
556674-5674
556602-3361
556725-8479
559135-5754
559076-5573
556709-3058
559078-4061
559116-7415
559069-4054
559127-3544
556944-9977
556684-0301
556472-1669
559213-5270
556776-6000
559155-5031
556827-0481
559186-6289
556756-8380
559109-2803
559169-7148
559016-2896
556832-6176
556925-6323
556992-1744
556661-6339
556843-0069
559121-8911
559053-6578
556169-8696
559058-7183
559134-2281
559112-9407
556511-9848
556588-1686
556885-8293
559025-7936
559186-2080
556741-2159
556854-3804
559005-1693
556665-2474
556914-0451
559145-5315
556449-3491
559006-7608
556817-2042
556807-8934
556609-4891
556793-4202
559144-3915
556580-4464
559039-2295
559003-1760
556959-1869
559105-6147
556956-8305
559106-3275
556861-8457
556535-9865
556851-9986
559193-0002
559149-2656
556962-5576
559007-8134
556957-3800
556948-9023
556577-4402
559067-3363
559200-6786
559115-4710
559055-1312
556408-1700
556906-3844
556699-3878
556439-0895
556614-6832
556956-2027
556788-8531
556221-9880
559154-2534
556867-8477
559017-4735
556908-6704
556267-4886
556883-4328
559042-0427
556889-9859
556247-9757
556265-9564
559078-4582
556549-3706
556231-3709
556204-6077
556861-3334
559116-1079
559118-6787
556356-5117
559086-3261
556940-8478
559103-6784
556927-3856
556835-9060
556460-3172
556921-7192
559005-0497
559065-3852
556948-4644
559156-9552
559018-5426
556744-0119
559037-3915
556838-9711
556690-2465
556840-1441
556415-9464
556999-3008
556967-5795
556612-0316
559150-1811
559168-5317
559143-9665
556724-6862
556613-0653
556974-1555
556666-9791
556598-4860
556414-5448
556109-7055
559071-3615
556798-3027
556763-6872
559078-9458
559086-8062
556519-9329
556105-6069
559141-6390
559071-7368
556985-3095
556499-7418
556792-2231
556513-5141
556126-8763
559156-9065
556237-0089
556810-4391
559173-0303
556896-2707
556813-1105
556893-9564
556479-1761
556739-0066
556761-3210
556284-9520
556790-1573
556929-9281
559168-7958
556518-7498
559152-0563
559018-7810
556456-9084
556891-3551
556744-6785
556897-7218
556979-4265
556934-8138
559079-8657
556997-6649
559142-7272
556486-6464
556296-5409
556592-0385
559186-7477
556992-4227
556895-4472
556982-3569
556152-4256
559075-4957
556857-1755
556770-9588
556544-8866
559012-2536
556448-6909
559033-2705
556559-3752
559201-4335
559176-1779
556577-0970
556739-6956
559206-3407
556519-2019
556772-3977
556815-4461
556936-6205
559073-9768
556317-5677
556587-3089
556360-9626
556721-2039
559018-0088
556324-4770
559103-9564
556995-8290
556971-2408
559037-8989
556520-0234
556698-3929
556867-6307
556326-3184
556801-9334
556316-9688
559028-0490
559087-9747
559066-0899
559073-5840
556797-4356
556567-6466
559154-1502
559069-6257
559065-9719
556346-6530
556779-1503
556860-5231
556956-7463
556534-2135
556933-0334
559203-4275
556766-1920
556150-5388
559154-9448
559119-4575
556989-6391
559007-4117
556864-9676
556928-3079
556606-4654
559074-8058
559052-0986
556884-0127
556954-1674
556828-5687
556941-0052
559149-2235
556791-0756
559125-9865
556188-3231
556889-0189
556817-5029
556913-1781
556717-1524
556662-6437
559162-9646
559026-3900
559134-2521
556823-9130
556506-7880
556510-7868
556467-1070
556973-9492
556798-5162
556251-3365
559192-2918
556943-2221
559008-4884
556947-3308
556641-0915
556546-5050
559141-2910
559056-4034
556930-1384
559059-4684
556699-5881
559154-6113
556797-0214
556670-7351
556837-1396
556782-5061
556824-1896
556746-6114
556739-8739
556918-1810
559153-9720
556523-7384
556837-1636
556335-6756
559127-8626
556016-4195
556763-4661
556769-6850
556866-6217
556676-6613
559160-0811
559017-0527
556721-7954
556974-4955
556289-8402
559045-9250
556562-1009
556318-5247
559124-5534
559178-3955
556924-1739
556886-1792
556025-7387
556841-7330
556439-3923
556786-2254
556924-4568
556992-3971
556558-8018
559158-2662
559197-0958
556397-3782
556439-3022
556998-9220
556880-6300
556996-6996
559201-0150
556832-9436
556723-1567
556688-0786
556761-1107
559183-9997
559125-0005
556685-4757
556703-8129
559065-8596
556659-4254
559075-1912
556277-5717
559040-7796
556694-2289
556862-6369
556704-7708
559205-0289
556827-4574
556911-7608
559160-4813
559041-4230
559168-8659
559009-7167
559147-4266
559124-5724
556801-2081
556323-4565
556411-5599
559032-3795
559184-0078
559128-9797
556587-9748
559163-7250
556601-4162
559196-7152
559118-7199
556213-9740
556904-7631
556923-5095
556674-6276
556914-8207
556573-0792
556927-8798
556634-6655
559123-3662
559084-7405
556638-7592
556767-3248
559183-2513
559111-6362
556592-4247
556873-5558
556682-5245
559204-1775
556819-8294
556808-9105
556127-1122
559033-2119
559141-9881
556750-3676
556927-8277
559047-2253
556705-2583
556939-1278
556489-3526
556550-9378
559037-4491
559040-9016
559070-6544
556831-2333
556504-6090
556455-5026
559092-4618
556987-0222
556822-8877
556584-4148
559024-4132
556817-8445
556947-2250
559091-8065
556994-5966
559114-4968
559099-5550
559055-8739
556912-6724
556978-6717
556704-7898
559162-4662
556831-4719
556950-0944
559056-5312
556934-6645
556739-6865
559192-9046
559055-1650
559063-5644
556909-1035
556558-4066
556770-3524
559050-8486
556920-7342
556663-5891
556793-3667
556726-3115
559157-9452
556892-6553
556969-6353
556457-8275
556655-3169
559020-4953
559090-2051
556611-3253
556597-2790
559170-7475
559141-7976
556799-4727
559182-6176
559155-8969
559068-2331
556819-3394
559142-1804
559206-4959
556401-4560
556310-8025
556570-8129
559178-1082
556897-1658
559036-3262
556976-3385
559002-3130
556283-2500
556704-3962
556588-3005
556747-4555
559183-8478
556984-0647
559052-0101
556871-4215
559055-1924
556821-3762
556841-3933
556990-5051
559034-6010
556818-4138
556833-5078
556716-1806
556790-4627
556974-2314
556219-0750
559120-6973
556787-0299
556751-6280
556588-3872
556414-8160
559106-1691
556875-5366
556926-8559
556950-7451
559128-0051
556852-9399
559165-9544
556937-8481
556937-3151
556802-5125
556335-7622
556752-6420
559021-8185
559148-3986
556321-1407
559148-7458
556595-0861
556636-4393
556737-6412
559105-0462
556280-0754
559146-4127
556816-9733
559020-3468
556648-9547
556636-3916
556061-2292
559107-0353
556675-3587
556708-5070
556253-5319
559070-3772
556072-1036
556962-5220
559135-1589
559189-6708
556916-7132
556135-1957
556270-8791
559082-2242
556816-3850
556417-9777
556832-2761
556971-7548
556788-2369
559022-9653
556676-9625
559038-5604
559151-7254
556708-4719
556111-3639
556909-6604
559176-9640
556663-4605
559106-0057
559126-2133
556758-0260
556730-7805
559056-0727
559199-3950
556945-6337
559046-3708
559111-9218
556989-8173
556990-5721
556767-3206
559013-3996
559009-4875
556779-9985
559128-0994
559064-8233
556725-6846
556836-8608
556286-9106
556627-5334
556936-1867
556755-2871
559004-3138
556695-6362
556969-9563
559196-7889
559192-1431
556855-6244
559071-7798
559074-9056
556526-7720
559112-4861
556960-8473
556826-2512
559177-5365
556602-6323
556873-2597
559172-9602
556920-4737
556838-7954
556973-8379
559054-2493
559184-4849
556848-9412
556901-9309
559124-5906
559002-2892
559138-3889
556667-4551
559166-8776
556755-1501
559009-7712
556072-1564
559182-4585
556923-3660
556382-8424
559091-1953
556856-4719
556472-0257
559064-5452
556547-2148
559093-9061
556440-9802
556363-0861
559198-0866
559039-4101
556480-6510
556990-6018
556894-5793
556549-0868
556398-3054
556795-7716
559040-7911
556431-4960
556768-0359
556821-7383
559027-9070
559033-5757
559055-3573
556640-6392
559065-4801
559111-2254
556466-7631
559038-0845
556810-0993
556943-3377
556466-7326
559081-6004
559039-2501
556999-2794
556537-9004
556891-0334
559135-7834
556950-5166
556778-3419
556553-3196
559047-2378
559120-1305
559194-4714
556944-0224
556709-2498
556470-4178
556647-0539
556881-6374
559155-3184
556620-6230
556813-2996
559120-3046
559109-8875
556415-0596
559072-3325
559010-4930
556872-7290
556835-3113
556620-4839
556473-0751
556934-5050
556597-3392
556886-9084
559005-1818
556798-5246
556944-8680
559164-4793
556413-4392
556674-3752
556901-8939
556740-7233
556406-9135
556548-0851
559139-2104
559153-9647
556895-8564
556775-7553
556862-5486
559199-3430
559208-7547
556275-4340
556822-1237
559163-2129
556897-3084
556287-7901
556689-7038
556874-2042
556876-0663
559101-4674
556725-4072
559012-9309
556845-2956
559145-7790
559211-7450
556257-2270
556647-2279
556839-9090
556850-0135
559113-5768
556346-3149
559113-0397
559116-9460
556658-1871
559148-5049
556419-7886
559173-3208
556944-5066
559089-5065
559069-9137
556599-5841
556738-8839
556302-5302
556680-6575
556832-8123
556805-9819
559131-9602
556688-7922
556814-0189
559140-5625
559053-7782
556744-5449
556808-1714
556906-9411
556548-1743
556508-2350
556668-8866
556569-6019
559179-7187
556905-4439
556680-0115
556772-4850
556720-8698
556851-0803
559154-4514
559162-6139
556759-0053
556816-2779
556878-0794
559215-4768
559118-0145
556763-1840
556868-2941
559087-9424
556872-2879
559014-4639
556102-2756
556750-1274
556908-6837
556481-2484
556409-8001
559227-0119
559106-3523
556471-2379
556402-0658
559203-4481
559012-3500
559052-8005
556675-9121
556451-0393
556440-6006
556978-4910
559171-2582
559197-1121
559108-6490
556858-4600
559136-3865
556671-7285
559166-6259
556062-4479
556713-8879
559145-0324
559081-1542
559162-7905
556255-7032
559023-4570
556112-8710
559096-4093
559193-1968
556380-8657
556645-3683
559187-3889
559114-4224
556920-6849
559107-0726
556951-9357
556766-2811
556918-8120
556780-9339
559141-3322
556809-4352
559093-0292
556554-9010
556934-3550
559144-3097
556721-7848
556256-3626
559081-1294
559054-6635
556897-2169
559167-1994
556439-5951
556247-7850
556985-6080
559173-2127
556952-1726
556744-9078
559059-4585
556648-2419
559072-8100
559123-8059
556899-4205
556568-8495
556225-3541
559084-8650
559128-7361
556792-6687
556895-6766
559125-5095
559137-4722
556786-4409
559051-7636
559025-3570
559102-4970
556973-5474
556459-0361
559161-9241
559088-0406
559168-6380
559003-2412
556454-2537
556620-2056
559079-1991
556326-7771
559099-7309
556898-7035
556893-2809
556791-7934
556560-8980
559096-8482
556279-6408
556873-8610
556961-2541
556533-3423
556686-4103
556882-9674
559126-9245
556877-4953
559145-7543
556248-9764
556657-0528
556811-8987
556950-5000
556847-6096
556898-7803
559207-6367
556996-8620
556664-2285
559169-2842
556782-3942
559155-9165
556919-2403
559111-4508
559045-7585
559156-3969
556520-8161
559072-1048
556137-3415
559136-8237
559039-6494
556604-0837
559162-6196
556600-6101
559208-8925
559117-3868
556730-5544
556816-1144
556904-0198
556305-3528
556338-8478
556460-5052
556908-8122
556826-2827
556656-6815
556510-9237
559077-9004
559107-5568
559076-8767
556266-2493
556831-9452
556759-8726
559147-9836
556990-7339
556828-9549
556819-1190
559100-4667
556663-2112
556107-3759
556958-0599
556500-3133
559158-6465
556918-3568
556923-0021
559077-2082
559011-5027
556678-1315
559076-4139
556018-5828
556705-1601
559068-0566
556491-0973
559120-1982
556454-2495
559116-8702
556827-8435
556687-4102
559166-1201
556869-0373
556188-9741
556665-2441
556842-0045
559145-7147
556578-7115
556493-4445
556852-0356
556868-8690
559189-0594
559021-7310
556035-6890
556766-9055
559165-8835
559092-9385
559148-4208
556276-7375
556868-3055
559198-9115
556901-9952
559207-4321
556835-4624
556798-3860
559066-1640
556775-3156
559077-6976
559150-0649
556765-4941
556417-6484
559115-2664
556234-3359
556994-4787
556795-9761
556657-6012
559057-0130
556499-1361
559150-7727
556779-7807
556938-5452
556870-0438
556948-2671
556700-2729
556764-5444
559008-3589
556492-1020
559020-7055
556590-2656
559075-8321
559041-9445
559147-0140
559083-2555
556741-8651
556745-4995
556634-5731
559182-9782
559113-7475
556781-6201
559042-8602
559183-7298
559085-2033
556230-9806
559187-7393
556519-6291
559025-0972
559173-5971
556081-0193
559193-7882
556580-7178
556643-2661
556615-1030
556912-7243
559108-3299
556759-2885
556849-2754
556755-8233
556955-7951
556484-2044
556649-3432
556784-8279
556481-3961
556262-2414
556989-0345
559111-9804
559007-7110
559190-9667
559083-5467
559067-2357
556971-0279
556586-3387
556087-8703
559032-3936
556893-6214
556640-2136
559050-7272
559141-0583
559183-4717
556243-8316
559109-5418
556810-9978
556735-0490
556261-2035
556698-4836
556902-8946
556731-4041
556722-4521
556794-7246
556872-1954
556896-9942
556916-1572
556888-4315
556721-1411
556934-2206
556546-3634
556688-9019
556913-0775
559155-8241
559164-7325
556883-9012
556981-5029
556677-2942
559011-4236
556196-1219
556759-1473
556665-6715
556487-7370
556090-7999
559196-6287
559121-5230
556757-7985
559180-3597
556665-8851
556611-6108
556922-9973
559009-6003
559118-2299
556653-0977
556979-3978
556111-8810
556994-5479
556833-2901
556436-4189
556634-9485
559002-0029
559136-3758
559051-8675
556837-0935
556944-4986
556907-4841
556190-6321
559001-2752
556743-3577
559064-0099
556747-8267
559183-9146
556678-1471
556901-9127
556417-5809
556842-7743
556931-1813
559021-1271
559038-2585
556929-4555
556856-5492
559081-6012
556982-6414
556582-7200
556890-0855
559028-7735
559153-9514
556902-5108
556977-1008
559001-3040
556705-5917
556901-3138
556325-9455
556896-1535
556154-3983
556773-7423
556806-7242
556800-2355
559033-9221
556862-6468
556948-9387
559090-6870
556816-0120
556638-6099
559158-3546
556634-1367
559039-2725
556587-9300
556860-1792
559085-9624
556377-7795
556329-4098
556809-4923
556877-4417
559017-1673
556718-0053
556670-5769
559163-8142
556803-3764
559027-2356
556761-1842
556741-1995
559197-9207
556709-4890
556909-2900
556136-1105
556802-0910
556821-0644
556834-4104
559040-5105
556980-5806
556211-9791
559098-9280
556564-6584
556886-6288
556843-4491
556932-0624
559149-9974
559150-7784
559050-8197
556741-1128
559089-1353
556871-8976
559192-6257
556732-3208
556669-1118
556989-9122
559036-6992
556897-1716
559072-7755
559030-4993
556786-4474
559073-4041
556899-9204
556824-3587
559074-4289
556842-5168
556494-0160
556605-5629
559102-5944
556822-6657
559122-7359
556951-5264
556660-6975
556812-2864
556609-1178
556758-0211
559171-9116
559167-3990
556903-8978
559170-6386
559024-1096
559170-7368
559029-6439
556410-3900
559104-6452
556107-2546
556334-1758
556644-4120
556953-8555
556944-8490
556559-5674
556891-6083
556395-0111
556795-4754
556873-2548
556963-0022
556991-2453
556835-7890
556077-5990
556726-1945
559031-8910
556734-7678
559090-8538
559173-7183
556629-1836
556791-9336
559169-4467
556928-0695
559011-8641
559149-0916
556358-5123
556604-3989
559024-8174
556831-8025
556958-1407
556445-0541
559074-6870
559163-5221
556669-4682
556764-6657
556802-2643
556568-6416
559023-7219
556750-4559
556111-2557
559156-4157
556829-4598
556247-1135
556768-9087
556895-6899
559207-8876
556970-6301
556840-5087
556233-2378
559000-9246
556982-0755
559093-0037
559167-0749
559099-5923
559166-1268
556878-9522
559165-3752
556541-3894
559031-8506
556871-7655
556941-3239
559107-9446
556665-8158
556576-4809
556744-5381
556172-2983
559169-5886
559056-2566
559175-5045
556892-4962
559191-7389
556676-3867
556472-0182
559113-3490
556724-9916
556865-9725
556704-3152
556696-0299
556672-3986
556754-8275
559134-0657
559144-7114
556410-3629
556158-1348
559153-1867
556869-5109
559001-8965
559196-3664
559122-9041
556512-5423
556501-7745
556501-5608
556103-4819
556274-4937
556846-8200
559061-4987
559124-6326
556700-1382
556922-8629
556980-7281
556821-9157
559005-6221
556907-5442
556791-7132
556823-1905
559151-5621
556307-1553
559020-7436
556030-6853
559103-7873
556639-8177
556804-1429
559155-5262
559109-6382
556672-6393
556963-7019
556904-4109
559135-1506
559089-5289
559148-7466
556771-8779
556613-7229
556649-4893
556812-3375
559177-5217
559156-5915
559018-3553
556905-5345
556929-7053
559111-3187
556723-6343
556689-7640
556640-1708
556260-8108
556980-1599
556872-7282
559078-8823
556930-0758
556872-5708
556792-5747
556827-1018
556225-9787
556982-5382
556873-1151
556755-4364
556608-2490
556416-9661
559173-6789
556841-7850
556933-7834
556614-1536
559122-1808
556845-1693
556689-7764
559005-7211
559089-8853
559089-6725
556819-0416
556762-8846
559042-9568
556973-3511
556599-3044
559130-9454
556787-9886
556854-2830
556999-9252
556777-1372
559027-0921
556254-1408
556849-2200
559195-2410
559151-0481
556709-0021
556666-3984
559183-5680
559065-4322
556568-9568
559135-2694
556959-2032
556938-9553
556798-3357
556907-5368
559109-3348
559194-1009
559097-1908
556618-2449
556883-9301
556846-6899
556953-3747
556751-9649
556723-4017
556570-1447
556847-8381
556868-8161
559044-4427
559176-4302
559188-1239
556385-5518
556639-0323
556982-3718
556732-0832
559053-6081
556865-5301
556405-7379
556724-9585
556978-8986
556912-9561
559147-6030
556421-1224
556830-9271
559146-1248
556909-1423
556560-9657
556683-0682
556552-8840
556649-3002
559030-1361
559036-2462
556736-1877
556848-3290
559117-8867
556690-6482
559104-4341
556782-8883
556877-3781
556727-1183
556320-1374
559151-0101
556924-6407
556906-5609
556591-6391
559132-4636
556363-3980
556708-0949
559011-1968
559080-4307
559041-6557
559116-3711
559222-5121
556954-1195
556569-6480
559094-0648
559033-2226
556632-1674
556625-2879
556947-1146
556907-9659
559080-1543
559151-8682
556941-1647
556895-4696
559158-4338
559089-0520
556447-0911
556916-2174
556212-5137
559142-4691
559124-3307
556941-3601
559119-9582
556600-0187
556418-0734
556887-9877
559122-8803
559151-3865
556458-6948
556960-6857
559031-4968
556312-4576
556797-9892
559018-1508
556847-6666
556318-4554
559109-3439
556821-3473
556783-2612
559149-5501
556863-4041
559063-2476
556782-4015
559016-4769
556435-8132
556847-8621
556550-0807
556726-0848
556724-2994
556992-7386
556076-2782
556779-4937
556468-0063
556896-7888
559104-7799
556664-7011
556994-8242
556248-1449
556902-3517
559105-7012
559139-9307
559058-5443
559056-0081
559118-5235
556856-1137
556707-2821
556890-1085
556657-6921
559068-1234
556866-3537
556899-8321
556405-8344
556783-8049
559118-0442
559209-7470
556094-6377
556912-8282
556883-1126
559197-4158
556383-0602
559023-0438
559026-4536
559177-2099
559165-6581
556116-9565
559087-1827
556772-4868
556852-1818
556725-4551
556803-1032
556964-0203
559118-3966
556893-2585
559054-4200
556795-4218
556840-9543
556780-4892
556389-0085
559010-8147
559136-3303
556348-3741
556979-4646
556204-9907
556932-3297
556949-0187
559016-5196
556662-1909
556447-0929
556973-1291
559146-9316
559114-1071
556751-0002
556395-6159
556959-2768
559150-0839
556761-9340
559195-8474
559177-4749
556605-6379
559056-7516
556925-3833
559114-2020
559119-5234
559080-7292
556537-1290
556621-8953
556511-9624
556450-0170
559003-2867
556859-7826
559132-7282
556787-1164
556817-8809
559192-5788
556887-2260
559071-3763
556889-9982
556950-8103
556743-1449
559089-7251
556679-8905
559128-9011
559123-4397
556229-7415
559039-5959
559126-2166
559074-6300
559127-6901
559189-9371
556334-0867
556781-0816
556907-1425
556198-5846
556926-0226
556665-9685
556947-7291
556789-2285
556851-5869
556758-5848
556104-4271
556977-0216
556552-1092
556866-8437
556773-5310
559135-5838
556942-3774
556762-9356
556824-5731
556705-8416
559178-3021
556932-4881
559156-9438
556887-5214
556522-2709
559188-5024
556537-0185
559056-9199
559180-4504
556243-3465
556784-1043
556776-1159
559029-9748
556112-7407
556989-4412
559114-0362
556312-4410
556458-8753
556906-1939
556583-1152
559054-1446
556984-9762
556489-5281
556789-2350
559171-8217
559062-2873
556970-3969
559099-7911
559092-6795
556308-9290
556872-8207
559057-1419
559191-6795
556535-0666
559122-8738
556791-9807
556411-0822
559168-5630
559153-2659
559131-1914
556518-8595
556719-1944
556979-8399
556984-6099
556517-8174
556477-4627
556451-8891
556316-1925
556960-5412
556872-8280
556740-2929
556877-1801
556829-1594
559124-5518
559200-1571
559175-8338
556985-3228
556735-8451
559112-5801
556801-0986
556917-4997
559180-1591
556923-0229
556746-6585
559107-9958
556948-5419
556708-7126
556721-0595
559112-8631
556483-2482
559061-1173
559011-2255
559147-9646
559086-5522
556951-0067
556940-0806
556399-9753
559170-0033
559056-6468
556367-0123
559108-8090
559022-8325
559196-8754
559048-3771
556381-6270
556970-9719
556985-7690
556869-4573
556595-7189
559140-7126
556663-5123
559048-4183
559097-0108
556920-3770
556673-3985
559124-4529
556839-8431
556786-9572
559147-6048
556990-1910
556572-4274
559204-2559
556571-3533
559118-3628
559069-7198
556644-0581
556943-2015
556913-8604
559059-4916
556931-9857
556634-5186
556720-8987
556105-5384
556755-5783
556062-2390
556807-2887
556594-5390
559088-9084
556676-6845
556782-1409
559035-8056
559156-6558
556821-2384
556850-4319
556778-0464
559003-0622
559012-7998
556070-9791
559061-5414
559062-3053
559102-0804
559081-1575
556849-7407
556337-9303
556544-5144
556634-3108
559095-9028
556417-8696
556970-7002
556813-6021
556990-7040
556961-4463
556957-7439
559110-3139
559029-1281
556829-8870
559146-5249
556095-6194
559022-9018
556241-8904
556452-9625
559041-5575
559099-5402
556495-7388
556945-1080
556892-3600
556677-9681
556947-9644
559015-7276
556892-1547
556242-0504
559081-1435
556539-2213
559158-3801
559109-6333
556505-8962
559035-5748
559030-6352
556383-5684
556519-1847
556778-4003
556585-1911
559081-5949
556720-7526
556902-4200
556848-2003
559159-2380
556589-8243
556771-4786
556365-4762
556577-3131
556483-3852
556947-0700
556297-7719
556065-2843
559031-0586
556837-7724
556889-5535
559138-5967
556961-0628
559120-7799
559176-3189
556622-8887
556930-2333
556487-5226
556546-6272
556251-0916
559151-5688
559159-4428
556994-6386
556732-6094
556837-5611
556852-1107
559044-8444
559116-2226
556904-4554
556685-6349
559144-8153
556460-5813
556695-5976
559112-7468
559121-6899
556260-5302
559071-3540
559033-2747
559146-5496
556833-5227
559078-4046
556707-1773
556992-7907
556717-6069
556987-5718
556678-7908
556474-1220
559093-0011
556968-7675
556953-1162
559140-7514
559134-2471
559150-4393
556916-7504
559121-7152
556832-6424
559126-7959
556237-0303
556780-8026
556832-5491
559142-8742
556296-7348
556895-6097
556889-8356
556251-6848
556447-8500
556940-3024
556950-6115
556780-2805
556790-1235
556236-9370
559168-5721
556829-8060
556847-7979
556983-1422
559098-7029
556997-0113
559198-3225
556447-4046
559002-1811
556829-0786
556904-9363
556771-6229
559159-3602
559143-2892
556960-7731
559015-1519
556910-2899
559083-8347
556926-5860
556729-7162
556854-2814
556279-6168
556533-4637
559082-0873
556859-7487
559189-6120
556159-6072
556965-5284
556138-7142
559068-9450
559052-4590
556454-0796
556679-4607
556947-0775
556909-1001
559024-7697
556828-8392
556832-5145
556628-9962
559120-9431
559167-1754
556983-0630
559089-6824
556967-6058
556410-9519
559023-0784
556666-1574
556847-6138
556406-7584
556970-2656
556379-6423
559091-3512
559004-0126
556434-2425
556925-3908
556533-1369
559006-3755
559013-2774
556928-7963
556784-4500
556681-6939
559031-9942
559029-0382
556943-0340
556830-6756
556499-9570
556541-4553
559206-7499
556940-5573
556884-1968
559026-7091
559055-1635
556706-6005
556967-4301
559101-1282
556707-3175
556922-6045
556632-7390
556981-9906
559027-3909
556641-8058
559071-3136
559119-4625
559071-4894
556451-6481
556599-6625
556696-6635
556962-9743
556921-2185
556252-9767
559047-7534
556889-1740
559000-1680
559062-0174
559124-2689
556926-9599
556797-6286
556952-8747
559090-3968
559077-4021
559111-6628
556871-9909
556847-6799
556709-6366
556745-5786
556321-5267
556850-3915
559075-3736
556920-1659
559042-1920
556938-9744
556560-5796
556831-5146
556672-6856
556550-8271
556710-8054
559152-9721
559095-7543
556927-2916
559071-8457
556829-4606
556953-9066
556912-0610
556987-7599
556960-7160
556807-1442
556663-9729
556754-8630
556608-8240
556623-7391
556986-1619
556319-1641
556564-8416
556868-1711
556551-7520
556846-7921
559077-2900
556766-3876
556647-9043
556657-2474
556551-5607
559052-1976
556979-4042
559000-1078
556839-6989
556881-7281
556364-9127
559065-2565
556697-0082
559162-8713
556972-6937
556958-5135
559126-3800
556153-2341
556652-5423
556601-6597
556712-3236
556616-7754
556815-4065
559008-5931
556305-7750
556950-6131
559077-2934
556888-3135
559129-6743
556884-0010
556962-8018
556640-2615
556811-0695
556694-3469
556777-8633
559150-3882
559000-5129
556582-9479
556496-9441
556961-6765
556671-1270
556813-0396
556616-3373
556939-6624
556649-7797
556557-2624
559132-3067
556821-5288
559108-7795
556364-6073
559042-7893
559076-0145
556863-3480
556997-7779
556787-1511
556985-8268
556347-6406
559131-8901
556882-6886
559137-5919
556865-2936
559122-5221
556304-6274
556750-7552
556976-4425
559177-0986
556911-2310
556530-3962
556472-0422
556808-9634
556499-7012
559075-2332
556983-9003
556939-1377
559097-3219
556777-1679
556716-5849
559143-4864
556580-8705
559150-4625
559168-1498
556871-6889
559024-6442
559161-6098
559210-8590
559172-8398
556962-7531
556634-6192
556929-9166
556930-8330
556872-3992
559065-4751
556830-7325
556854-6377
556861-3383
559174-9147
556951-7633
556799-2697
556806-1047
559037-0697
556847-8191
556550-7281
559174-2837
556457-2658
556645-7254
556821-2574
556953-2988
556536-1911
556754-2930
559160-8921
556806-7663
559143-6166
556880-1467
556856-8058
556251-7374
556322-3113
556933-2926
559143-9590
556808-9188
559206-3191
556292-4562
559138-4127
556204-0633
556794-9010
559001-1499
556397-0507
556549-7152
556667-3736
559070-9498
556972-3553
556221-0699
556838-7152
556353-9211
556971-6326
556710-1968
556835-5092
556943-3054
559157-1970
559131-5121
556623-8134
556890-0467
559124-1202
559008-9743
556732-2176
556898-3463
559195-0265
559053-1330
559145-4375
559076-0400
556806-0007
556548-0513
559024-7598
556999-1077
556658-6052
559133-8297
556896-7375
556646-0464
559055-7871
559121-1049
556435-2242
556661-3427
559169-4657
559170-6253
556726-8940
559027-3750
556803-1768
556286-1640
556488-6074
556895-9554
556798-7697
559012-6842
556923-9329
556624-8026
556877-9150
559025-1210
559204-6071
556978-7962
556501-1318
559085-1860
556791-2265
556473-9513
556452-1366
556780-4926
559063-7004
559175-2828
559180-2847
559111-8657
556978-9554
559139-0538
559064-1279
556835-6058
556942-6892
556589-7989
556879-3300
556721-8408
556854-5551
559060-7072
559034-7232
556905-2284
559168-0854
556704-3475
556601-3586
559087-9754
556991-4152
556746-5660
556619-7702
556978-3482
556886-8151
556556-7905
559054-0117
556547-7220
559113-5941
559008-3472
559122-4539
556324-6270
556654-5330
556748-8696
559098-2210
559128-6306
556695-3443
556642-0765
556672-2897
559034-6580
559162-2146
559203-9860
559002-0680
559043-9849
559223-7068
556730-9835
559174-9881
556723-2185
559166-7315
559089-4480
559092-5854
556677-3957
556905-6525
559139-0801
556986-7665
559008-4462
556566-1138
556884-3188
559065-9966
556916-5680
556643-4006
559107-7135
556954-6699
556966-4799
556687-7519
556931-5251
556491-3514
559193-2461
556468-8264
556870-2970
559097-9349
556815-5047
556946-3200
556825-9062
559173-2754
556942-0010
556710-5571
556744-9771
559122-1048
559001-1309
556711-6834
556332-9027
559155-1899
556814-1187
559124-0998
556819-0887
556900-3022
559204-4381
559210-4797
556560-1506
559055-6998
559168-1357
556444-4577
556655-9190
556996-7820
559131-1278
556094-6724
559134-0970
556544-4543
556786-6065
556735-0375
556716-7290
556935-1686
559025-1285
559193-8518
556888-5486
559135-5010
559162-8507
556909-7453
556843-9722
556640-9313
559181-4321
556318-8332
556818-2090
559097-2336
556931-6598
559113-6287
