OrgNummer ,Name kicko
556877-9978
556965-5763
556643-0475
559032-5816
556468-0147
556362-2140
556744-2495
556676-4477
556975-8013
556762-4357
556839-6328
556889-3456
556518-4537
556269-4561
556645-6660
559038-5273
556573-0537
556471-4292
556494-6225
559045-1729
556348-9193
556704-3442
556776-9954
556644-8170
556236-5113
556131-5952
556770-7921
556118-0265
556100-1354
556211-6847
556444-8230
556879-9679
556329-1342
559073-6145
556658-3885
559081-0932
556683-0377
556689-5214
556412-8469
556333-1122
556201-6781
556732-5658
556046-6582
559077-3171
556660-1893
556345-5731
556619-8320
556544-1218
559099-8174
556224-6412
556712-8409
556492-8678
556547-0183
556652-6181
556782-3694
556494-8411
556554-5307
556708-4743
559034-2977
556697-0272
556113-8669
556675-8982
556401-9486
556875-8105
559118-1390
556327-6806
556211-3224
556551-4824
556284-6526
556091-0431
559088-6205
556760-2148
556883-9871
556251-2656
556995-5643
556500-8017
556933-6810
556884-3139
556520-6512
556692-7207
559185-0242
556717-9923
556627-2844
559047-9928
556222-8592
556854-8043
556526-7217
556954-7093
556671-0108
556659-4320
556498-7211
559041-3240
556417-8829
556357-9928
556377-3018
559031-8258
556738-2196
556561-8229
556474-4430
559056-6690
556162-4213
556737-5216
556972-0286
556662-8490
556308-8722
559003-0200
556771-2202
559070-1842
559060-1828
556972-5228
556761-4168
556628-5416
556603-8948
556812-3987
556569-4014
556594-9434
556897-9602
556763-6161
556800-9020
556877-3120
556742-2786
556828-3906
556657-5774
556752-8285
556636-1563
556984-6834
556835-2487
556551-0384
556381-7377
556874-0699
556055-0237
556131-4302
556025-9854
556612-6677
556152-4371
559002-1464
556259-1353
559120-2956
559154-0447
556427-9692
559047-7385
559117-9170
556972-5335
556605-0596
556996-3381
556550-2167
559058-8900
559149-4884
556911-2583
556883-4757
556524-0487
556979-2608
556849-0873
556613-4945
556717-4791
556991-9680
556755-9371
556958-2074
556930-8132
556149-1365
556743-9152
556599-1295
556894-8425
556492-2119
556860-7880
556946-7722
556419-2663
556938-7904
556817-9054
556770-0819
556671-8796
556464-0844
556127-7939
556336-5823
556881-1573
556643-9682
556571-9126
556560-3775
556153-3349
556731-8554
556930-7902
556964-0641
559118-1010
556194-1278
559126-3933
559048-2666
556734-4337
556880-7217
556595-4145
556463-2221
559074-9155
556616-7036
556998-4254
556769-3113
556924-3107
556289-9822
559086-1174
556649-1576
556243-2095
556548-4770
556295-1151
556685-0417
556885-6198
556580-8259
556458-1865
556562-3807
556270-3313
556451-2738
556547-4359
556635-5219
556546-7981
559059-3371
556776-1712
556752-1991
556187-8546
556807-6375
556708-3463
559027-7710
556630-5941
556474-4240
556146-9064
556527-1151
556688-6759
556530-5975
556273-7493
556575-0634
556996-9552
556598-7855
556662-7468
556283-3151
556771-8639
556473-6261
556737-0860
559096-9530
556717-8347
556492-9742
556639-2899
556731-1575
556674-5799
559080-6807
556582-6343
556322-4558
556951-2840
556730-8977
556540-3036
556565-9058
556408-8044
556926-1505
556808-4296
556585-8072
556326-6088
556386-3850
556907-1706
556862-0495
556791-8452
559013-0331
556963-0352
556667-6747
556201-0016
556643-0400
556810-4276
556383-5205
556444-0104
559070-7179
556550-6648
556546-7502
559140-9106
556938-5585
556766-6507
556997-6490
556786-5968
559015-4745
556259-9695
556669-3221
556467-6368
556471-9440
556320-1911
556815-9353
559072-6534
556444-3983
556924-6266
556782-1656
556781-2804
556900-9953
556864-8090
556710-0739
556723-5253
556615-7649
556707-6954
556598-8622
556168-0199
556352-4866
556919-4755
556715-0395
556196-9170
556809-0723
556765-1335
556490-5122
556958-5929
556838-4118
556278-1731
556217-5736
556701-5333
556379-0269
556486-2513
559168-5341
556641-4651
556866-6233
556526-9197
556857-8966
556976-6792
556322-8047
556291-0298
556292-3580
559069-4948
556727-5846
556401-8157
556120-4958
556481-5255
556626-1417
556263-0540
556897-5352
556740-0303
559055-7095
556538-0135
556375-8969
556477-4197
556916-7355
556430-8236
559125-2696
556352-2852
556103-0742
556901-1058
559016-3720
556618-3074
556310-7472
559018-0799
556038-8752
556107-7354
556683-0401
556782-0369
556865-7570
559010-9822
556586-7370
556985-9993
556530-9084
556520-4129
559081-8174
556645-0770
556599-4448
556190-9259
556687-7006
556160-4298
559100-2034
556510-8189
556129-8091
556989-2010
556852-9845
556963-7571
556869-0324
556702-5100
556116-4897
556598-9257
556954-9628
556259-5883
556450-6193
556841-3685 klar 20april
559083-6580
556424-8259
556408-0074
556643-1184
556891-8055
556240-1520
559101-0482
556868-3360
556717-2936
556721-9984
556794-0027
559032-8794
556778-4060
556389-6561
559042-9584
556956-6655
556655-1437
556883-4674
556314-6637
556739-5974
556787-3640
556608-4835
556565-9157
556983-7502
556170-1532
556735-5739
559130-2830
556943-1785
556341-7004
556897-2706
556667-5863
559199-9106
556935-6750
556540-0545
556750-2066
556938-1808
556256-9599
556809-9328
556968-8152
559100-3792
556716-5609
556972-2175
556607-1014
556710-4871
556585-8536
556926-2446
556488-1166
556611-6926
556535-1052
556984-2189
556942-5035
556635-4972
556322-4053
559094-7817
559027-8304
556498-9035
559087-8640
556769-4319
556837-8292
556653-3997
556959-6892
556895-0595
556766-4056
556789-4455
556187-2143
559008-9214
559053-9648
556966-3494
556796-4324
556802-4516
556743-0607
559033-6219
556551-0582
556696-2725
556841-0681
556845-5249
556920-4992
556735-7073
556736-8021
556547-4243
556565-3721
556757-7829
559074-2101
556729-4466
556465-8515
556582-6509
556835-1026
556329-2647
556062-6037
556828-5307
556882-9724
556107-3437
556645-5555
556525-3175
559076-5011
556549-5586
556210-3431
556217-4416
556272-6348
556458-0644
559069-0391
559005-0166
556869-5885
556987-1006
556805-0495
556104-1780
556958-3429
556748-8936
556462-0895
556632-3266
559105-2856
556043-0851
556577-0814
556700-6696
556988-0155
556635-1473
556295-1961
556338-5508
556153-3794
556432-3482
556886-2857
556838-7145
556748-6559
556858-4188
556319-0692
556604-8400
559023-1402
556772-3498
556487-6992
556769-1307
556183-1677
556378-5368
559071-9620
556689-0975
556745-1181
556523-6873
556128-8811
556868-7924
556854-9819
556177-9199
556337-6267
556637-3550
556613-9472
556561-4269
559017-4586
559017-0303
556779-9571
556344-8033
556879-9299
556761-1230
556894-9308
556768-2769
556659-7190
556340-7724
556734-5607
556335-3605
556885-2254
556905-5790
556607-6393
556638-6495
556574-4801
556559-5849
556765-2077
559099-5303
556338-5151
556448-8343
556976-1959
556234-0793
556672-1402
556404-9566
556899-6697
556257-0548
556888-9728
556490-9587
556740-2937
556615-4588
556484-1871
556138-5914
556061-2656
556121-6663
556207-1646
556787-6460
556788-5974
556350-1492
556735-2033
556390-6287
556784-6521
559093-2041
556272-6272
556656-8092
556757-1152
556887-2336
556838-3995
556777-3766
556555-1321
556844-8657
556345-5988
556785-8781
556217-3574
556171-6050
556374-5107
556739-7137
556965-3545
556779-9688
556048-0609
556679-1710
556372-9721
556978-6386
556637-4921
556936-2568
556488-4608
556400-1450
556165-8955
559030-6964
556605-2121
556237-8926
556767-0962
556087-6525
556435-6607
556821-6724
556922-4644
556920-0875
556826-9541
556888-2947
559032-6012
559073-3423
556501-2662
556616-0742
556571-4036
556688-6916
556835-6223
556787-6601
556749-5303
556368-6715
556697-2625
559007-3259
556912-8837
556773-6417
559079-5265
556638-4870
556821-3804
559078-0499
556983-9367
556998-2167
556083-0381
556819-1265
556781-6748
556276-4174
556862-9140
556290-9613
556377-3091
556637-9284
556537-8964
556905-4553
559030-0355
556617-7142
556943-7006
556823-7324
556594-4765
556317-6857
556426-3902
556526-6706
559068-8940
556627-7454
556605-3723
559041-0428
556157-8864
556955-5542
556330-8047
556208-1959
556671-2344
556582-0346
556067-4540
556279-2373
556288-3339
556346-6514
556439-5829
556495-3635
556284-9181
556234-9703
556543-4866
556842-5333
556952-9059
556090-4657
556705-8846
556491-4595
556788-8630
556885-7972
556775-7413
556653-1843
556740-8660
556175-7971
559008-9230
556176-5859
556454-1497
556324-3020
556460-9500
556773-6334
556616-6707
556535-1698
556918-7957
556716-5948
556540-7029
556634-7661
556622-8697
559022-3607
556102-0651
556468-9411
556137-5030
556586-6018
556387-1804
556102-1063
559095-3286
556739-9612
559055-7244
556900-5084
556547-7873
556494-1762
556479-9483
559125-9584
556675-3272
556181-8377
556606-6535
556873-4684
556737-6222
556773-8132
556742-2711
556749-2573
556964-1185
556854-3051
556320-3941
556864-6706
559026-7349
556938-9108
556869-2569
556200-5982
556553-2222
556805-2517
556823-0576
556300-1824
556607-8589
556781-1327
556734-8668
556918-3907
556205-1325
556517-9461
556460-4857
559034-3579
559057-5881
556942-9144
556497-8202
556953-1295
556596-7931
556724-5336
556737-7204
556902-4572
556778-8517
556687-8764
556713-5925
556064-8841
556766-5665
556877-3674
556795-6403
556288-3479
556818-8295
556960-9547
556759-1168
556367-4810
556501-2324
556408-3359
556778-6131
556324-7989
559081-8166
556608-4397
556683-9048
556670-5892
556622-1015
556777-3949
556738-2311
556738-6130
556389-4244
556125-6586
556458-7482
556808-2175
556681-6228
556558-0312
556974-0326
556431-6395
559099-0908
556867-3262
556810-6867
556189-9906
556427-8157
556783-1887
556896-0321
556847-3671
556660-1596
556661-7287
556746-0778
556714-6278
556972-5327
556724-9734
556880-3653
556649-6955
559078-4897
556704-6908
559098-7383
556871-2300
556175-2394
556224-4920
556343-0429
556604-7832
556545-7867
556292-2913
559070-2196
556676-1341
556811-6346
556658-4206
556488-4848
559124-9148
556774-2746
556813-4992
556949-2092
556879-8507
556974-7917
556672-8605
556952-5065
556472-4325
556831-6037
556858-5979
559094-0812
559016-5501
556668-0608
556205-3669
556042-7493
559011-6397
556341-4241
556649-6674
556631-3598
556628-5812
556783-7603
556920-8241
556930-8058
556508-5213
556841-8684
556497-0910
556421-3394
556806-3563
556425-4745
556788-3995
556461-3353
556535-4064
556985-7765
556211-1624
556400-8588
556795-4945
556930-2374
559107-5469
556763-0669
556677-5028
559069-9442
556478-2851
556498-6718
559068-4915
556636-7826
556632-6111
556759-8627
556955-1244
556815-5633
556196-7810
556416-6261
556218-5164
556480-6825
556219-6054
556712-8565
556745-6750
556367-7961
556685-9475
556115-7156
556551-4873
556511-4849
559111-3542
556340-8862
556351-6839
556784-3825
559059-1045
556120-9098
556890-0160
556815-1434
556100-5827
556288-4824
559145-5828
556345-2902
559052-6173
556298-8070
556140-0531
556291-9745
556769-6975
556689-0678
556492-0170
556880-1921
556459-5832
556297-8287
559010-7974
556819-7700
556603-8286
556425-9132
556845-4200
556730-2541
559121-4688
556976-9515
556838-0272
556948-2507
556688-3137
556292-7938
556348-5274
556599-6161
556627-3313
556704-8813
556800-9327
556843-6298
556711-5687
559123-7630
556698-6153
556310-7258
556650-0475
556236-8372
556823-3596
556415-4895
556971-5492
556702-6835
556566-1021
556473-8234
556236-3712
556824-1763
556791-4980
556600-3652
556556-5388
556503-5234
556175-5777
559141-6515
556849-0832
556072-5011
556966-6703
556659-7455
556459-6798
556097-1789
556908-7173
556935-7790
556749-6699
556813-2707
559063-5131
556538-3576
556989-3661
556826-5515
556480-8284
556713-1858
556628-8386
556623-9009
556976-1355
556562-7675
556788-1163
556135-5958
556767-3958
556500-6839
556319-2425
556163-5383
556584-4767
556781-3091
556586-2819
556500-7381
556839-5858
556332-6882
556974-7883
556235-8522
556491-6764
556648-6907
556269-6095
556208-5505
556710-0911
556280-6553
556837-2568
556439-9201
556726-6365
556584-2548
556667-3033
556352-6036
556969-4465
556643-6266
556708-6094
556755-5361
556669-2249
556764-3043
556657-3449
556949-2902
556601-4592
556878-3061
556585-9674
556761-4416
559159-3958
559130-8142
556911-8465
556881-0187
556669-4377
556453-9111
556761-6593
556215-1851
559152-7550
556530-2584
556112-0824
556130-5664
556045-0297
556771-3465
556274-5470
556799-1640
556365-5306
556873-8024
556781-0139
556629-1216
556928-3590
556452-6142
559117-3298
556817-1390
556752-1553
556202-9289
559105-5776
556678-5712
556719-0235
556259-2849
556872-9346
556317-9547
556348-1612
556906-6680
559050-4410
556519-8925
556777-5449
556387-7074
556689-8762
556815-8900
556760-1553
556848-6715
559115-3142
556361-2554
559118-6944
556452-8585
556287-6937
556656-0321
556311-6523
556222-3247
556242-6154
556561-1950
556749-1534
556776-0904
556986-2393
556930-0352
556689-2807
559056-0495
556400-2011
556583-3497
556362-7479
559132-2812
556331-0514
556694-6108
556310-7308
556819-5621
559058-7456
556183-0679
559066-7886
556770-2955
556631-7912
556982-7370
556605-8094
556499-7921
556689-9778
556564-6964
556840-5384
556082-1232
556324-3343
556937-9414
556593-4550
556740-9593
559016-6194
556646-9770
556583-0824
556702-4384
556567-0261
556584-5145
556920-2798
559028-2231
556854-2780
556167-4275
556157-5159
556958-3841
556150-2278
556672-5346
556676-3032
556632-5816
556084-7823
556962-4025
556995-0479
556794-8822
559009-2341
556842-6026
556371-8401
556353-3834
556755-7714
556320-7090
556677-8048
556209-3251
556426-9503
556916-8262
556459-2375
556968-7303
556350-3100
556259-8556
556223-2636
556492-9791
556807-8470
556622-6774
556564-3110
556628-2397
559127-2991
556608-0734
556889-6608
556758-8933
556658-4594
559006-5826
556236-3878
556317-0272
556987-5577
556756-5204
556730-3200
556413-7494
556515-5057
556458-3119
559144-2925
556907-8420
556449-1826
559008-8422
556267-8994
556594-9707
556852-3541
556548-4960
559092-3610
556268-5015
556849-6813
556289-9020
556522-0133
556669-0797
556886-9779
556985-0554
559140-2952
556642-8214
556885-4342
556332-5785
556630-4167
556844-9762
556502-4659
556085-9364
559114-3903
556999-2174
556273-3914
556764-7796
556178-2268
556567-4453
556245-6474
556804-3367
556505-8699
556865-2472
556747-3045
556541-8125
556827-5191
556687-3906
556467-3845
556675-8743
556423-2592
556738-8052
559094-0473
559014-9646
556123-8402
556522-5181
556785-5449
556953-4687
556203-9155
556894-1719
556667-0187
556409-0230
556268-6385
556118-1040
556902-0141
556718-0269
556257-5737
559081-3969
556705-5545
556802-3922
556185-9066
556985-9100
556229-7480 klar 0430
556177-0388
556074-6652
559000-2878
559123-4348
556504-8500
559111-4896
556624-4728
556574-4090
556589-4812
556375-7102
559012-5406
556833-6951
556701-9087
556747-3821
556760-8780
556992-6230
556476-6243
556778-8327
556905-7812
556909-3569
556931-5160
556259-7046
556639-8052
559096-9571
556895-1411
556715-0221
556650-3263
556168-6279
556646-6420
556593-0988
556130-3743
556618-9436
556618-2944
556584-1417
556800-5275
556511-1878
556713-8408
556745-6776
556333-0959
556252-2275
556427-8736
556517-3076
556718-2117
556823-3273
556634-9493
559017-7811
556555-1388
556756-9818
556260-9742
556029-4281
556315-5042
556550-5640
556854-2012
559113-1825
556504-8781
556718-9237
556632-4918
556579-7262
556790-5079
556899-5889
556657-6509
556113-9295
556783-5854
556212-8917
556664-5015
559004-5372
556569-9005
556244-8844
556675-2423
559112-0976
556853-6451
556904-9868
556801-4491
556157-2834
556525-8828
556812-2062
556581-0875
559023-7094
556444-2597
559016-7689
556046-8687
556570-0647
556689-1007
556650-1101
556613-1321
556268-7748
556876-2305
556733-1565
556603-3097
556402-9535
556578-6836
556849-2119
556368-4652
556272-3568
556500-0006
556861-0348
556766-1581
556208-9689
556045-9629
556439-2073
556172-8220
559012-4722
556652-8971
556288-0699
556564-1155
556875-6927
556836-7220
559041-4990
556570-6677
556943-9846
556790-4429
556582-5576
559069-3437
556202-6418
559048-5974
556890-1648
556534-3562
556284-6534
556736-6959
556877-6602
556449-5249
556416-8689
556220-0609
556270-2398
556838-6048
556232-1603
556609-5971
556949-7778
556681-5535
556488-3899
556931-5525
556765-4214
556472-3681
556904-6237
556590-6384
556978-0397
556999-9492
556649-4489
556513-1587
559001-5755
556856-1145
556888-8118
556192-4985
556746-3624
556982-9624
556832-2928
559117-4742
556851-9440
556700-7389
556543-4577
556644-6869
556474-2426
556577-3826
556347-2587
556502-1226
556905-5501
556259-5875
556786-8780
556736-0044
559017-0543
556888-4158
556517-8091
556527-5202
556898-6532
556732-7415
556551-8296
556352-2183
559105-7905
556612-9903
559126-5284
556798-3654
559002-6844
556833-2463
556982-1894
556986-7897
559097-2724
556873-2324
556800-7685
556410-6887
556978-5586
556743-8527
556932-6480
559064-1980
556911-0942
556731-2607
559018-9451
559015-4190
556301-3555
556998-1367
556237-1129
556565-5718
556729-4458
556940-5094
556701-9426
556775-6274
556846-5024
556794-1272
556966-7560
556851-2387
556972-0484
556520-4228
556882-4972
556399-1099
556562-2403
556410-0963
556098-7157
559067-5400
559065-8067
559012-7170
556763-4828
556531-5206
556973-8783
556991-7692
556926-0192
556779-7559
556089-5764
556307-6735
556406-7873
556824-2761
556846-6469
556658-5666
556890-6019
556634-0328
556721-2302
556638-1926
556845-3459
556699-5006
559108-9759
559065-6806
556630-6923
556234-1700
556954-3613
556943-0076
559015-9041
556821-7649
556818-4880
556678-3709
556609-5120
556816-3009
556426-0551
556687-2320
556832-3835
556977-0828
556703-3799
556920-8118
556277-9024
559126-5938
556273-5455
556682-8702
556735-8345
556877-8400
556809-6852
556677-1647
556603-9938
556316-9621
556878-3467
559037-5977
556596-6842
556708-3547
556776-4542
556205-2588
556515-7103
556262-0699
556722-6062
556653-5067
556976-2460
556630-7186
556968-8103
556766-1169
556799-1723
556272-5860
556846-3565
556778-2296
556839-1444
556459-1716
556709-4635
556781-6177
559066-2382
556728-1109
556840-3843
556073-1407
559156-3530
556766-9311
556745-2163
556624-9115
556087-8364
556277-9883
556119-1221
556365-2477
559034-9972
556104-1368
556121-1433
556229-1095
559115-5709
556642-4437
556660-7718
556351-1228
556817-1200
559076-3487
559069-9517
556758-5145
556558-4488
559041-0535
559056-2509
556086-6849
556313-7891
556684-7116
556234-2187
556269-9883
556780-9347
559020-1496
556690-7654
559136-6108
556156-6125
556190-2130
556630-7392
559148-3689
556839-1634
556914-2259
556520-2792
556809-0780
556798-9677
556878-7567
556409-8662
556981-3776
559104-5132
556892-8757
556204-0823
556657-3332
556807-1129
556783-1820
556098-2703
556232-8848
556168-2971
556967-9185
559012-9002
556579-3907
556732-6284
556440-0520
556743-0235
559067-2019
559016-3159
556874-9583
556969-7278
556775-8874
559011-5381
556587-5571
556919-3252
556542-9296
556444-7984
556149-4138
556801-5480
559066-9858
556793-6041
556845-8979
556713-5933
556503-2066
556800-5044
556969-5314
559000-2597
556882-8916
556035-6940
556623-6179
556530-5249
556959-0184
556794-4532
559060-6215
559151-2222
556877-1991
556913-6780
556766-7117
556466-4760
556400-8364
556987-0776
556433-0230
556217-5538
556689-5248
556987-7276
556553-0028
556377-0568
556917-7677
559018-7950
556625-2614
556602-1928
556261-0179
556411-7439
556730-5486
556900-3147
556737-7451
556556-8291
559082-4115
556867-0128
556764-3027
559047-1107
556216-9978
556359-4398
556160-5352
556738-2782
556997-6151
556113-9451
556950-5745
556742-9401
556881-9626
556719-2710
559091-4692
556516-0040
556622-0496
556302-8116
556794-9572
556661-0829
556811-2725
556884-0630
556820-7640
556127-3722
556885-0969
556487-5267
556523-8424
556645-3295
556942-1638
556761-1735
556659-2316
556842-1878
556701-2868
556676-3842
556328-2861
559102-0150
556840-6135
556646-9424
556925-8741
556932-3602
556733-9220
556395-6464
556703-5158
559068-5300
556933-6844
556728-9946
559071-4373
556282-8102
556780-7747
556522-3905
556436-9576
556844-4573
556619-2497
556469-2415
556704-0935
559022-7699
556991-2446
556651-3684
556564-0744
556609-0444
556918-6231
556507-3821
556380-7360
556298-9490
556635-8841
556320-5920
556999-4139
556946-0032
556770-3060
556340-6023
556690-0261
556666-0600
556988-4926
556615-1048
556821-5817
556777-0200
556542-0931
559170-2237
556574-7812
556568-5939
556711-4730
559102-9292
556450-7464
556268-9694
556863-1971
556771-6070
556755-0040
556376-7895
556795-7393
556346-9468
556158-4029
556634-3231
559012-0043
556376-3241
556432-6311
556850-2511
556496-2321
556084-0869
556373-3350
556883-0466
556792-9764
556138-2937
556937-5198
556472-8243
556927-9390
556968-5158
556631-1030
556682-9833
556763-9611
556727-3874
556193-0503
556594-4682
556616-5824
556779-8789
556379-1333
556763-8050
556640-7077
556275-4241
559022-0678
556688-3822
556981-4667
559057-1625
556450-5021
556256-7148
556834-9616
556889-1922
556336-3992
556990-2090
556672-8514
556127-4084
556451-5475
556643-3917
556712-4796
556270-2646
556608-4298
556644-9707
559045-2115
556377-4149
556115-6844
556426-0189
556683-0914
556969-9654
559084-9104
556968-9341
556283-2906
556710-1786
559062-9449
556812-7673
556639-6064
556624-0650
556435-5310
556613-1982
559056-5866
556925-9186
556601-4154
556886-8862
559148-0479
556309-0181
556461-4542
556982-3866
556263-2603
556922-6417
556620-3781
556601-5383
556673-5907klar0501
556520-4939
556685-3544
556189-5581
559032-3688
556190-4169
556746-4218
556792-4716
556286-5989
556603-4889
556127-8622
556760-7105
556795-8581
556677-6125
556883-1910
556280-8153
556835-4954
559039-7609
556570-5216
556134-8698
556666-8413
556655-8341
556288-9625
556742-4584
556404-3874
556728-9854
556553-3444
556727-4641
556428-0880
556695-4177
556343-9206
556768-1050
556652-1190
556691-0914
556986-2369
556734-4006
556838-0793
559029-4434
556866-3776
556522-8276
556915-7075
556944-7211
556898-9338
556648-5677
556562-2692
556569-2646
556974-0102
556866-7926
556846-7616
556383-7136
556575-3992
556302-1822
556341-3300
556160-9552
556644-0219
556555-0935
556623-6153
556080-1275
556770-6279
559010-8956
556910-4648
559035-6985
556688-2683
556228-4603
556798-7317
556980-7109
556727-7925
556832-3306
556748-0602
556209-5157
556583-1848
556790-3835
556477-1771
559003-8310
556892-8559
556240-0142
556247-1937
556820-4696
556813-0032
556694-1299
556803-4234
556769-3931
556336-7324
556727-9152
559160-8145
556324-4796
559062-5777
556807-1830
556990-4203
556854-1857
556507-3706
556793-1125
556724-3471
556713-5123
556702-5621
556842-3254
556288-0913
556166-0688
559063-6998
556261-1268
556915-3645
556464-4309
556677-4047
556656-9504
556753-1131
556485-5855
556194-1427
556558-1518
556817-0228
556903-3797
556847-7201
556652-1042
556856-6565
556760-9481
556317-4548
556652-6835
556488-6769
556731-5501
556680-0933
556861-1577
559074-3455
556801-3279
556758-6770
556262-4683
556804-2419
556484-8173
559155-2566
556676-2216
556484-9700
556414-7816
556160-0064
556115-3429
556217-4168
556613-5595
559121-7533
556206-8873
556638-7030
556486-3875
556851-8335
556922-1459
556804-8226
556586-1936
559007-0420
556528-3701
556288-0871
556155-9229
556628-4583
556879-3417
556563-2725
556366-7947
556216-5083
556943-4870
556968-5984
556610-9392
556754-7954
556490-6203
556846-1155
559027-8338
556850-4160
556164-6455
559041-6805
556679-4649
556442-7010
559035-1481
556634-8024
556583-0899
556589-7435
556265-8913
556471-9523
556826-5010
556697-7327
556496-1240
556220-9972
556396-1845
556378-7083
559056-3861
559079-2015
556676-2778
556961-1626
556298-9656
556347-0185
556230-6760
556392-8612
556655-7707
556996-5139
556463-3070
556371-6322
556734-1747
556852-3079
556626-3330
556471-6974
556843-8757
556501-5368
556607-1881
556668-9120
556572-0629
556708-5666
556759-0335
556611-9383
559056-7649
556500-0949
556586-8675
556784-7552
556800-6331
556529-0797
556781-1541
556580-5297
556865-5806
556443-2465
556637-6157
556625-5260
556665-9461
556567-1491
556449-5702
559027-1044
559058-0253
556529-3577
556755-3069
556318-0396
556125-2312
556326-3150
556202-4918
559022-2427
556804-0587
556636-0607
556263-0102
556615-8860
556681-1971
556600-9212
559063-0280
556645-1133
556859-4781
556658-9262
556851-6958
556197-7181
556854-7383
556248-1225
556212-5145
556859-7172
556972-6614
556502-8668
556598-8812
556508-9413
556983-8914
556780-4074
556523-0322
556882-7223
556202-9545
556787-7781
559046-3690
556797-8316
559073-3829
556170-5814
556422-5547
556880-3984
556858-4576
556053-6368
559052-2065
556817-3420
556598-3219
556684-1655
556448-8426
556819-7817
556626-4056
556890-6753
556945-5313
556628-6596
556737-7865
556248-4591
556804-2989
556893-5877
556423-5579
556593-2083
559033-5427
556263-6596
556555-5553
556254-0343
556188-8263
556480-6239
556877-9374
556265-3773
556953-0131
556683-7786
556669-2637
556892-8914
556804-3243
559047-7633
556948-7902
556624-0254
556905-1880
556345-3538
559004-0696
556744-7890
556156-3536
556456-5256
556140-8153
556765-4099
556957-6316
556571-8946
559124-0212
556875-3502
556535-0252
556713-1916
556265-6388
556600-9410
556553-3733
556628-7412
559089-5297
559082-7324
556347-1308
556588-6404
556906-2093
556813-6831
556045-5676
556247-8411
556342-8258
559094-8187
556999-3842
556843-3204
556852-3111
556798-0429
559012-8798
556571-9993
556249-5530
556734-8296
556613-1370
559152-3229
556151-4018
556756-0445
556797-7128
556784-3106
556741-9402
556431-4150
556238-0229
556692-5482
556399-9811
556590-2607
559021-2642
556913-9701
556620-1660
556907-0138
556874-2794
556943-3625
556696-9019
556024-0128
556347-2157
556996-7317
556969-0364
556776-0177
556931-7133
556259-8291
559065-6186
556505-2825
556831-4727
556789-0545
556734-1598
556411-2927
556380-6420
556293-9594
556202-6731
556527-6259
556349-3807
556218-2252
556567-1954
556804-4449
556143-7764
556903-4860
556758-0674
556805-7060
556754-1924
556501-9725
556342-7268
559118-4873
559034-8115
556852-3921
556615-8266
556489-8277
556910-1800
556868-2834
556244-5188
559071-0710
559066-0535
556710-9284
556605-1826
556595-2495
556963-7282
556493-1151
556931-1045
556437-5706
556737-8277
556659-5723
556397-4004
556654-2733
556767-0475
556693-7495
556476-5112
556835-7619
556881-8925
556653-9218
556387-1838
556936-0745
556438-8931
556872-5765
556900-0226
556590-2003
556810-4706
556762-9646
556588-7816
556704-2774
556574-5436
556768-6471
556958-0755
556948-8389
556579-6934
556613-5553
556843-5324
556437-4022
556667-5004
556358-4381
556634-8123
556493-2084
556379-4915
556194-6509
556588-4771
556574-6350
556856-0436
556426-5535
556925-7206
559111-9168
559119-0847
556353-0160
556764-2649
556748-9298
556124-0705
556564-4548
556965-3107
559148-5791
556653-4862
556764-9990
559140-1459
556803-0174
556608-5188
556527-2894
556820-3581
556627-5342
559000-5244
556912-2806
556924-1606
556745-4656
556180-3007
556537-9723
556326-2210
556288-5102
556960-1999
556954-6855
556081-6471
556245-6219
556566-4868
556469-1979
556490-3697
556721-1684
556121-7844
556346-8239
556595-7601
556464-1990
556404-8246
556715-9313
556680-4729
556775-2075
556584-5392
556891-8261
556571-3301
556767-5961
556808-6499
556544-0525
556400-0528
559107-6673
556951-4564
556064-9559
556795-5132
556941-3106
556950-9622
556464-8631
556490-8084
556493-5046
556780-3506
559025-5989
556770-4373
556505-5240
556075-6800
556447-4848
556871-3431
556235-8878
556745-2858
556906-3943
559045-5977
556966-3643
556779-8979
559002-1886
556271-3924
556107-3080
556367-0198
559040-5766
556979-4414
559003-0390
556917-2629
556664-6286
556637-0440
559010-9525
556395-7389
556646-7790
556689-3292
556850-2354
556860-9092
556760-7782
556510-9435
559166-6424
556822-7473
556533-1047
556723-5782
556206-7289
556678-6876
556850-5407
556321-5192
556724-2341
556855-9859
556759-8890
556643-3040
556840-2076
559084-8916
556882-0103
556319-3654
556421-6850
556311-1953
556587-2032
559141-6408
556772-6368
556790-2365
556397-5811
556733-0799
556867-0268
556689-4134
556584-1920
556477-5517
556382-1650
556030-1441
556063-4189
556724-2465
556956-7687
556577-3693
559094-7783
556087-5014
556207-0440
556205-9492
559092-5904
556397-7270
556556-2070
556568-4387
556416-9448
559050-2919
556727-0680
556382-9455
556754-1577
556180-2876
556788-3789
556887-7350
556239-9864
556272-4228
559134-4345
556694-2198
556528-7231
556810-7683
556526-5963
556214-7552
556930-3364
556605-3566
556595-9656
556672-3101
556609-4578
556614-3292
559067-9576
556540-5742
556509-3423
556935-3880
556533-8133
556690-6300
556627-4287
556667-1037
556151-5924
556212-0955
556776-3924
556875-8154
556067-8574
556659-3959
556545-4583
559091-8321
556767-1754
556475-9149
556262-7926
556489-0118
556902-7468
556209-6478
556562-6867
559058-8850
556762-4795
556779-2733
556265-3732
556415-4226
556885-6776
556149-0938
556573-6500
556799-2234
556662-7864
556748-3820
556611-6959
556448-6081
559124-2945
556444-8321
556576-3967
559079-9036
559063-6501
556765-4727
556170-3686
556929-7467
556825-5193
556529-1050
556342-2087
556838-5669
556229-3158
556568-3918
556896-3739
556912-1493
556957-2505
556639-3129
556763-9116
559152-8160
556655-5297
556597-2030
556356-4193
556615-8324
556428-7919
556710-5902
556533-6699
556714-4844
556425-5015
556976-0019
556393-7324
556751-9011
556867-1407
556607-4711
556801-3550
556132-6082
556713-3581
556050-7088
556398-2551
556459-5758
556677-4005
556924-8056
556785-5993
559148-6302
559051-7602
556455-8996
556760-2551
556692-7173
556743-0334
556645-3980
556089-1375
556753-5769
556195-2564
559069-2108
556625-6698
556595-7171
556152-9909
556598-8606
556450-9197
556975-1265
556608-2250
556544-9831
556782-7372
556216-2767
556492-7167
556271-5549
559028-3056
556763-8761
556377-3067
559005-1438
556964-7307
556853-0041
556138-3117
556213-3792
556538-8823
556665-1328
556060-4109
556641-5500
556807-5799
559063-6493
556764-6731
556581-1923
556870-1592
559080-0115
556958-9434
556874-5680
556097-9907
556787-9282
556263-7180
556731-8299
556824-7372
556532-8407
556646-0266
556547-6669
556420-5754
556939-8364
556304-6118
559032-5386
556117-4235
556967-7072
556764-2946
556777-9409
556264-0143
556124-3956
556406-0761
556099-7065
556857-9477
556518-5245
556578-3460
556462-4533
556647-9852
556615-7482
556443-6359
556703-2627
556642-0989
556588-9101
559133-5079
556722-4380
556518-7787
556661-7873
556608-0239
556789-5502
556886-5652
556215-1984
556516-7615
556630-2799
556425-1345
556622-6154
556740-2739
556869-0498
556304-8353
559029-6231
556596-6982
556951-7088
556421-0424
556169-9819
556926-3899
556596-9564
559069-8303
556750-6927
556582-2490
556767-4816
556929-8150
556817-3784
556271-3270
556598-9901
556830-2441
556324-9266
556588-9622
556867-0649
556882-6035
556657-3621
556963-5864
556079-1484
556933-1746
556222-3304
556632-8943
556527-7174
556590-6798
556831-7530
556482-0628
556751-0887
559136-2834
556519-9857
556405-4293
556638-5075
556593-2810
556731-1609
556401-8363
559020-5752
556944-9191
556715-1237
556875-8568
556240-2049
556231-4277
556758-1359
556798-6533
559059-7950
556206-1993
556433-6401
556443-1608
559085-0060
556603-2776
556734-5706
556768-4278
556786-2353
556799-5658
556718-9146
559003-6066
556549-8804
556801-2875
556982-4815
556716-5120
556642-7828
556711-2601
556552-6059
556730-2657
559001-6001
556891-2447
556424-7491
556436-6986
556851-4730
559128-8070
556554-3898
556637-2255
556963-5716
556672-7219
556669-8857
556080-4717
559143-4773
556420-7305
556157-4830
556153-7340
556142-1180
556888-3564
559044-5341
556214-2819
556578-2553
556960-2468
556783-8809
556471-9473
556657-2631
556808-2480
556839-5270
556629-2602
556988-9982
556348-2131
556693-9707
556886-8680
556214-6653
556657-7242
556205-4154
556732-0865
556515-0298
556571-0299
556880-2945
559064-9678
556514-4804
559104-6221
556999-6464
556829-4770
559032-1138
556697-3177
556632-4876
556913-4587
556685-0599
556727-9095
556531-1676
556974-5507
556453-9087
556263-1936
556776-6505
556746-3301
556221-4758
559017-5070
556694-9326
556979-1212
556806-2011
556551-2950
556552-7792
556804-9273
556691-8529
556411-7173
556741-5442
556926-2677
556827-0325
559084-3420
559006-8879
556936-4283
556868-3915
556683-5608
556165-0143
559149-9305
556889-9685
556949-2043
559075-7265
556383-4968
559123-7929
556739-6550
556363-4244
556831-3356
556886-5074
556743-1878
556963-1004
559117-5608
556752-1090
556499-4142
556519-8412
556660-1216
556906-7514
556621-0919
556787-4747
556721-8044
559022-4233
556767-6548
559094-1968
556608-3266
556208-5513
556745-9754
556639-3970
556518-5682
559101-0201
556232-7261
556155-4865
556604-0472
559000-4155
556359-5734
556812-1379
556904-8134
556628-8311
556862-1956
556110-5312
556599-2491
556199-8906
559028-1837
556826-4872
556575-2572
556359-1998
556499-0538
556427-9585
556101-8770
556426-3852
556660-9201
556650-5375
556703-5240
556972-0690
556685-7461
556973-1804
556985-2550
556853-6816
556786-1793
556779-1982
556605-1156
556324-1727
556833-0459
556812-1148
556950-5059
559052-3543
556507-8242
556592-4825
556935-9630
556328-7779
556538-6520
556688-7518
556751-7957
556710-2297
559140-9254
556266-4051
559032-6434
556695-3583
556202-2557
556494-5557
556951-6908
556816-8461
559093-1191
556811-4176
559110-7296
556790-4411
556915-8016
556217-4713
556875-1225
556063-6754
556522-5561
556765-5013
556620-3153
556896-7722
556192-4712
556203-4354
559035-8650
556911-2773
556535-5780
559036-9319
556769-8062
556840-2118
556690-6318
556186-6285
556304-1820
556686-4525
556896-0941
556838-4399
556846-9307
559022-5149
556761-4242
556951-3780
556458-5288
559069-3106
556634-7992
556751-6454
556657-8034
556777-7544
556784-0375
556801-4988
556440-9646
556743-5820
559063-3979
556063-4726
556913-5956
556544-2273
556078-3465
556651-3031
556364-5612
559000-8743
556770-2195
559126-7876
559025-0949
556820-9968
556604-5406
556835-5399
556451-8594
556532-0727
556258-4333
556305-2892
556505-5158
559001-7611
556563-4721
556123-7420
556848-4355
556685-0458
556449-7955
556488-1711
556928-5900
556653-3484
556834-0532
556988-0916
556467-7085
556054-5112
556823-6243
556854-8373
556442-0197
556455-4557
556534-5344
559053-6172
559070-3608
556985-9753
556451-2001
556413-6124
556756-4223
556857-5509
556313-9640
556621-1412
556429-7546
559053-1785
559056-4646
556673-1195
559116-6060
556263-7016
556347-2090
556926-3527
556834-3197
556654-5090
559017-0931
556543-0971
556277-0411
556679-5034
559083-1268
556621-7252
556856-7878
556598-9224
556857-1953
556263-4799
556870-5601
556261-5202
556334-6062
556403-6076
556676-4337
559110-9680
556595-6553
559066-4578
559083-8438
556441-4661
556488-6066
559026-4718
559121-9240
556186-4900
556786-0191
556346-9047
556323-3799
556540-2525
556049-5268
556352-6218
556565-4166
556732-6573
556981-6753
556553-3741
556094-7334
556742-1531
556591-1582
559009-8751
556957-3206
556086-7417
556668-3198
556942-8534
556797-6583
556275-7772
556570-9317
556276-5981
556943-0134
556363-5746
559098-6146
556744-2578
559023-5098
559001-0905
556169-2855
556921-0528
556435-4123
559041-2663
559002-7156
556550-3132
556229-3893
556920-8217
556865-8529
556636-6646
556192-4530
556730-8274
556704-1768
556074-3501
556720-5967
556752-9705
556637-7544
556458-9561
556094-5940
556825-3420
556679-5653
556486-1705
556417-1113
556762-3938
556918-1695
556791-1598
556900-7445
556253-2860
556315-7816
559029-3055
556796-4753
556530-9043
556409-1477
556789-6260
559084-8353
556636-2314
556590-7184
556700-4394
559046-8707
556879-8614
556852-8474
556490-5312
556473-1015
556324-8839
556854-2533
556879-0678
556764-2029
556167-0083
556633-8868
556189-0665
556048-1680
559037-5290
559004-4482
556471-1579
556557-2368
556404-1555
556427-7019
556531-1221
556441-2939
556725-7232
556951-8490
556323-5976
556334-6724
556771-7821
556829-1297
556584-2738
556287-9394
559013-3186
556798-8638
556839-4588
556375-8142
556796-3631
556445-0905
556985-8052
556618-4304
556744-6058
556596-3864
556894-3194
556758-0849
556474-6583
556562-7600
556988-9248
556596-4474
556788-8291
556670-3657
556757-3760
556598-4191
556698-7714
556512-4673
556867-4161
556335-8422
556615-4976
556416-4514
556549-1163
556329-3439
556804-0579
556641-5450
556925-7222
556730-5239
559092-3008
556543-5996
556359-4315
556813-6633
556432-4035
556462-1117
556742-0822
559028-2538
556988-1203
556191-6973
556876-0440
559025-7811
556768-5127
556655-3326
556691-9428
556702-3501
556669-0904
556783-8064
556186-4678
556670-9845
556748-5726
556323-4573
556680-3648
556635-3792
556764-7895
556764-8273
556848-3944
556959-3048
556148-1366
556929-3573
556763-9660
556579-5555
559061-1033
556466-1246
556687-5323
556852-3681
556658-7407
556517-1054
556947-7572
559035-2828
556968-3104
556839-6534
556766-8990
556422-3484
556781-4537
556858-1333
556575-9452
556854-2848
556471-0332
559040-4215
556449-6551
556584-2662
556743-5275
556832-6143
556550-8768
556745-8822
556994-1643
556568-5137
556796-0124
559144-8922
556744-5290
556995-3366
556712-5066
556756-6384
556737-7121
559016-3217
556706-7656
556936-1974
556729-4235
556147-5871
556845-0778
556922-1392
556094-6807
556353-3966
556071-8255
556686-1877
556296-2331
559076-8353
556480-9811
556468-3737
556928-2220
556712-5041
559066-4479
556272-7254
556499-7723
556198-7578
556169-7516
556709-6796
556412-3163
556990-1118
556701-5010
556319-7671
556352-2803
556667-3306
556870-4521
556967-0531
556302-2580
556425-0636
556507-0694
556461-1258
556483-4199
556942-2925
556375-0958
556815-1889
556531-5933
556707-1088
556700-3107
556894-8433
556787-3657
556423-6809
556925-1134
559002-1480
556210-1500
556940-3107
556422-2668
556513-1165
556676-4188
556754-9877
556678-8807
556712-9324
556376-0569
556698-8936
556747-9596
556705-8721
556382-5321
556846-4316
556681-3563
556567-7175
556396-1019
559039-3566
556816-7513
556816-5673
559116-7050
556926-3329
556695-7659
556507-1858
556613-6049
556354-7131
556660-3485
556840-9287
556188-5301
556718-9344
556040-9582
556910-7310
556388-1548
556674-0196
559132-6516
556713-4100
556660-8351
556288-4550
559116-2390
556644-6117
559077-2280
559090-3513
556775-9906
556759-7884
556560-6893
556578-0276
556705-0405
556719-2496
556298-3501
556324-5173
556195-1657
556752-5703
556732-7043
559032-9024
556856-9262
556341-9141
556594-2603
556479-8709
556278-9056
559149-5105
559080-5452
556855-9446
556560-9715
556513-4268
556356-7972
556869-1504
556438-4278
556838-9018
556521-0555
556753-0869
556957-8981
556988-9651
556255-8071
556285-0262
556804-6303
556665-0643
556984-9358
556218-3409
556599-1600
556599-5825
556528-2216
556966-6851
559102-9649
556974-0227
556695-2502
556114-3289
556795-3590
556739-6188
559090-9239
559016-9172
556300-0024
556772-8901
556923-7810
556695-7261
559087-7972
556163-1945
556815-2721
556702-5597
556458-2087
556875-9855
556363-9326
559054-2287
559031-0412
556079-8653
556786-0407
556723-3530
556884-9524
556366-2682
559000-2902
556750-4716
556459-9917
556711-5711
556447-6959
556583-6250
556846-7749
556084-3434
556815-3620
556299-9358
556965-2885
556984-3534
556366-1775
556906-0568
556462-8880
556699-2730
559150-2892
556765-9825
556608-5451
556294-5542
556908-9831
556969-7336
559033-0527
559036-8378
559098-5874
556502-1523
556763-1980
556576-4791
556514-6031
556196-4486
559112-8540
556256-9532
556247-0012
556121-3678
556331-7287
559130-8514
559125-2316
559129-5570
556154-8305
556881-2670
556493-4726
556803-8979
556946-7797
556961-2806
556677-2926
556238-2761
556700-2273
556977-6460
556638-0167
556808-5335
556756-1302
559087-3641
556583-0493
556708-3448
556930-7969
556717-4338
556799-3398
556773-2051
556496-5431
556675-4973
556484-1129
556291-2864
556784-2397
556152-9404
559005-8870
556425-8613
556030-3033
559075-5772
556407-6486
556784-8717
559011-5084
559121-3995
556121-8081
556410-5236
559051-5739
556505-4250
556731-1294
559070-9522
556679-8392
556919-4276
556606-3318
556776-1209
556684-0699
556561-5597
556735-0896
556787-4465
556812-9414
556150-9620
556529-9038
556864-9841
556150-8317
556980-2522
556900-1455
556985-2923
556813-0933
556326-2707
556805-0461
556908-2422
556658-0352
556940-9401
556893-7634
556280-0903
556868-7205
556465-1890
556532-0149
556656-1048
556771-9512
556362-7560
556886-3392
556526-7761
556693-1670
556264-2636
556335-3324
556666-4461
556625-4545
556975-1133
556452-9146
556751-4897
556241-7732
556715-7630
556959-8484
556183-3863
556195-0741
559146-9605
556628-3320
556769-4244
559023-5270
556722-8951
556552-7156
556826-2769
556068-4937
556702-5936
556645-0978
556532-5726
556620-1975
556454-7320
556657-6947
556287-4098
559046-0829
556730-8266
556742-0491
556855-5006
559147-7046
556676-0236
556289-1795
556286-2796
556562-0290
556568-8545
556814-4090
556460-2836
556665-9677
556513-2437
559132-4438
556833-5300
556970-7879
556836-1231
556682-4628
559065-1104
556241-9183
556603-2149
556239-0384
556199-7874
556582-5295
556380-7923
556572-5149
556250-2707
556254-4402
556589-3665
556936-6718
556618-4544
556896-1345
556645-9284
556152-1377
556929-2674
556613-9951
556766-4122
556428-6499
556726-0749
556408-2716
556952-0835
556619-1689
559015-4992
556968-5141
556068-6387
556537-9475
556835-3204
556788-2542
556906-8264
556657-9750
559076-8213
556827-4871
556568-0047
559027-1713
556633-1756
556369-1434
556518-5443
556144-8399
556836-8392
556673-8158
556963-5922
556974-9814
556201-6625
556355-7874
559135-8550
559137-1835
556721-9117
556388-8030
556545-0789
556607-8217
556480-8144
556981-8510
556156-7776
556342-3101
559054-4820
556493-6531
556822-6053
556918-2024
556937-2328
556210-2128
556772-2375
559067-6564
556382-9232
556788-4381
559053-0753
556131-2660
556045-0834
556133-0670
556194-4850
556627-5094
556916-7025
556703-7329
559075-5749
559005-1057
556643-5771
556642-6267
556789-7144
556879-0231
556622-1544
556252-8371
556599-5759
556591-0915
556808-5095
556404-5069
556815-4263
556426-4728
556833-2950
556279-3595
556922-8132
556431-6353
559157-6912
556685-8097
556553-5795
556812-0165
556442-5469
556562-8525
556320-0244
556471-2783
556794-9895
556456-0117
556473-8960
556235-1477
556818-9137
556586-9756
556856-2531
556886-1305
556534-5443
556928-8037
556621-9662
556999-2091
556522-5736
556738-1776
559064-1071
556659-4726
559018-0195
559055-9422
559122-2913
556641-0386
556639-1115
556497-7121
556791-4196
559001-9179
559013-1826
556368-0650
556714-1857
556158-7956
556851-9002
556971-0329
556483-7598
556924-0244
556608-9198
556925-5267
556889-9362
556248-4302
556690-0659
559007-1584
556802-3823
556316-2519
556427-2044
556927-8640
556811-8458
556800-3007
556561-7643
556549-6329
556264-4608
556263-3015
556680-5973
559082-6839
556662-7377
559101-0896
556754-9521
556738-4978
559037-7924
556469-9303
556643-6969
556504-2057
556753-2089
556074-5696
556611-2198
556192-8846
556760-2213
556690-3182
559044-8287
556389-9615
556067-0944
556330-0382
556841-6019
556314-1265
559172-5840
556438-0631
556604-1090
556650-5334
556792-4294
556886-7336
556944-6924
556991-0333
556811-9159
556407-5686
556592-9824
556783-6779
556536-0434
556572-4290
556553-6785
556001-2402
556471-8327
556602-6380
556193-7441
556795-7849
556269-4728
556963-2655
556336-7662
559047-9894
556867-0771
556257-9069
556488-1844
556821-2418
556813-3077
556648-1429
556713-0256
559096-2345
559053-8913
556777-6801
556738-6403
556902-9365
556811-2980
556661-7139
556454-0135
556774-6226
556498-1545
559004-8707
559025-7175
556955-9965
556953-0818
556822-0080
559063-5529
556067-4730
556142-3822
556598-3425
556891-6190
556287-5863
556740-1194
556628-5960
556696-0745
556312-4378
556408-6196
559050-5201
556936-9027
556966-4104
556267-7483
556818-8907
559027-9476
556270-0079
556518-7514
556534-9270
556879-3136
556784-0136
556566-7234
556226-8986
556933-3767
556258-0588
556964-9873
556590-2466
556520-2776
556631-8589
556572-5628
556127-1502
556008-6661
556507-6543
556923-5996
556804-1213
556951-6262
556547-6693
556935-6180
556146-3018
556394-9790
556426-1716
556010-1312
556966-2132
556288-9716
556673-7655
556871-6715
556856-1772
556994-3797
556269-3274
556616-6210
556361-8460
556838-4712
556742-8460
556553-9979
556804-9281
559087-6677
556364-2106
556333-6923
556467-1237
556668-4568
556900-7080
559004-8988
556808-1854
559166-2100
556652-6553
556573-1550
556655-5701
556991-3147
556375-1402
556712-3756
556912-2913
556555-2790
556141-0811
556201-1162
556742-8197
556902-6809
556473-6329
556773-0360
556815-3760
556157-5167
556905-5782
556422-8020
556618-1391
556223-9474
556685-1704
556165-1612
556526-0501
556963-2390
556991-4160
556779-0752
556542-7886
556872-5716
556821-5999
556543-1052
556566-1971
559118-5011
556793-9177
556908-7413
559082-3067
556711-4623
556964-5277
556993-5041
556473-1411
556731-3084
559004-0365
556916-3149
556266-1644
559057-5378
559013-2568
556120-1541
556776-8329
556411-4022
559048-1437
556825-0004
556762-6121
556595-5456
556280-9086
559011-6900
556565-6484
556639-7377
556996-4546
556531-5735
556718-9393
556842-7362
556218-5784
556932-9773
556552-1019
556196-8024
556521-2726
556207-5357
556351-6797
556567-4941
556867-7644
556664-4927
556501-3298
559088-6296
556798-6970
556599-0909
556573-5148
556046-9461
556487-8634
556619-2075
556775-2554
556228-2516
559063-8648
556708-3471
556752-0621
556493-5467
556408-5149
556511-6463
556411-4972
556959-6249
559099-4694
556808-3496
556526-2648
556261-6333
556886-1933
556826-9301
556768-8006
556441-4380
556409-4414
556687-2387
556407-3145
559004-1553
556798-8927
556609-5518
556912-1394
556814-4728
556527-6424
556145-8125
556423-7047
556526-8785
559043-5813
559016-2342
559118-3461
556716-3737
556295-3553
556331-7964
556889-7887
556769-9334
556703-8913
556774-4973
556635-6746
556969-6338
556779-9472
556777-5852
556967-8492
556464-3475
559130-1287
556382-9521
556769-3220
559146-6148
556368-7408
556097-2506
556305-6133
556370-9301
556291-0942
556899-2274
556517-9339
556905-3134
556946-8936
559005-6494
556865-8545
556170-8883
556399-4556
556929-9950
559152-4102
556661-6057
556807-6482
556244-7382
559091-6010
556854-5965
556693-9558
556920-3515
556156-1639
556704-0042
556631-6716
556411-9567
556632-3506
556782-6911
556288-3016
556752-5158
556955-9494
556660-1448
556571-5140
556194-9081
556631-1477
556979-6971
556894-9399
556667-0815
556718-5896
556663-0785
559122-6930
556549-8937
556370-8840
556671-4225
556222-9319
556606-3565
556407-1123
556778-0936
556328-9320
556363-6108
559136-9904
556581-4703
556810-4086
559119-7800
559049-4059
556786-8574
556571-8045
556919-5000
556221-6977
556451-1045
556933-8303
556888-3820
559052-3501
556058-6603
556994-7541
556316-2014
556440-3425
556799-2721
559023-8514
556619-3008
556715-1641
556952-8010
556465-9885
556513-5497
556962-6756
556862-9868
556169-6948
556821-1386
556897-8521
556923-4320
556718-3669
559039-3152
556996-5568
556787-4317
556865-6556
556583-7688
556682-5880
559006-8887
556719-3270
556679-1413
556843-4244
556708-1319
556487-4930
559135-7024
556953-4679
556677-2082
556783-7363
556600-9527
559094-7965
556526-9288
556431-4838
556129-5865
559027-8106
556848-7465
556741-9998
559145-5570
556744-3741
556870-5320
556705-3912
556838-8200
556691-0492
556346-6241
556394-1482
556940-2521
556696-6122
559115-5964
556062-9569
556180-1969
556571-6882
556558-1872
556583-8637
559078-1661
556650-5060
556902-0281
556598-4753
556884-2388
556065-8865
556595-3873
556247-4535
556262-4857
556931-8198
556352-7901
556295-5772
556588-4235
556559-3588
556775-8767
556987-2954
556583-7811
556103-3878
556758-9253
556956-3280
556727-4930
559163-1642
559110-2545
556620-5174
556273-4763
559050-7967
556296-0269
556953-5759
556762-0868
556825-6852
556254-0962
556950-2361
556172-6166
556687-5828
556589-4283
559001-4444
559040-4538
556959-8237
556125-7212
556454-4897
556982-6638
556044-7251
556992-5752
556744-5589
556908-7942
556057-1886
556661-1686
556071-8768
556944-2006
556039-4560
556713-8333
556657-2581
556607-6120
556175-3335
556016-0789
556531-2583
556777-0895
556355-4871
556822-5162
556815-4115
556755-3705
556065-9871
559045-8773
556684-5102
556508-1881
556278-7068
556283-1619
556819-5464
556434-6269
556992-6750
556906-8595
559096-8003
556965-8585
556809-1176
556926-5696
556881-6705
556918-5498
559115-7788
556530-3186
559081-4355
556747-1569
559068-5045
556077-1536
556691-8453
556601-1200
559079-7196
556349-0993
556557-5130
556872-8223
556902-5884
556736-2156
556638-7105
556971-1244
556571-5082
559065-5006
556501-4338
556627-7090
556435-9957
556289-2165
556602-9673
556745-9358
556600-7968
556412-1761
556176-5750
556032-6323
556283-4969
556820-8325
556307-0928
556531-5859
556586-5580
556920-6443
556508-6468
556254-7421
556205-5573
556368-1351
556446-3460
556603-7031
559006-6865
556395-7785
556775-8841
556960-0876
556614-5032
556629-5365
556722-2095
556199-1216
556640-8976
559143-2462
559141-5681
556838-0827
556490-9439
556431-5884
556716-0063
556393-9478
556489-7055
556876-3477
556413-7486
556761-1701
556419-5054
556956-9139
556298-5233
556223-2198
556677-2710
556737-1173
556301-7937
556554-8822
556570-6438
556588-9200
559000-5731
556667-3330
556497-2072
556767-4584
556661-4508
559074-7076
559155-8159
556671-2187
556655-6162
556449-9183
556391-4257
556496-4749
556108-6769
556607-0982
556276-0842
556652-2396
556786-1819
556490-1345
556388-6653
556497-6297
556529-5978
556533-0494
556580-0140
556857-5574
556963-8967
556674-7258
556647-2931
556343-6319
556908-4188
556260-6326
556290-0612
556362-4583
556614-0900
559047-9548
556581-2459
556624-0098
556947-5006
556210-8877
556753-6734
556454-1653
556754-2799
559126-7884
556595-5621
556735-8444
556315-6974
556592-1706
556280-4103
556775-9740
556294-8900
556881-3769
556495-7032
556666-4420
556418-0544
556487-4807
556663-8218
556391-0024
556712-0893
556723-0189
556924-4956
556882-0475
556592-3090
556774-4247
556693-0417
556600-2837
556258-3947
559002-4856
556490-5783
556335-4793
556904-4679
556654-4564
556838-3623
556862-9272
556715-7432
556212-0468
559091-8248
559065-7754
556675-2936
556840-8925
556550-1623
556463-1983
556951-5579
556643-1713
556790-8693
556791-6365
556657-0338
556856-0204
556975-7767
556901-8863
556636-9970
556986-2617
559108-8926
556628-8451
556350-1302
556108-7346
559099-5121
556325-6824
556942-8724
556607-4315
556606-3284
556582-2714
556576-1490
556838-9448
556545-7271
556030-3868
556313-6752
556342-9645
556884-1653
556892-5183
556593-3669
556413-1703
556116-4673
556755-6682
556892-7072
556625-2648
556618-6622
556239-0368
556978-9497
556854-9181
556257-4060
556929-6428
556580-4142
556738-1727
556613-0257
556232-1793
556020-0924
556993-0562
556697-3052
556611-5563
556657-8661
556753-7773
556461-0029
556498-8912
556177-4919
556792-0359
556830-6715
556407-3848
556649-5254
556537-8535
556456-5082
556844-9143
556274-6460
556939-6996
556412-8014
556486-9435
556606-3631
556471-9820
556595-1851
556852-0711
556958-8634
556785-7858
556734-2992
559032-2128
556524-0156
556635-2158
559109-9824
556483-7721
556084-3392
556160-1757
556056-7983
556789-5395
556642-3884
556936-8524
556687-5331
556688-3012
556445-5201
559165-8553
556457-6675
559121-3235
556738-2956
556650-0517
556874-6621
559064-9991
556925-5754
556246-6259
559095-2866
559022-8671
556969-9308
556406-2106
556885-6438
556823-5518
556677-7560
556249-4053
556473-5644
556403-4956
556613-2899
556871-3878
556804-1825
556618-1250
559008-1427
556657-3019
556524-2699
556735-6406
556412-8303
556662-8029
556864-6730
556378-6390
556757-8355
556805-0149
556679-7261
559070-1578
556665-8067
556667-3413
559094-8955
556320-1440
556064-8742
559112-1404
556321-2520
556885-3179
556463-8046
556935-2593
556690-0725
559080-0271
556223-7007
556853-0017
556921-2243
556630-0447
556625-4479
556814-6202
559120-9670
556825-3917
556313-5309
556094-4752
556708-6383
556806-3381
556601-3313
556826-0383
556194-6830
556332-5801
556127-9141
556297-6901
556476-3653
556730-9066
556382-8705
556522-1461
556143-5669
556733-7281
556878-4614
556719-0219
556933-4708
559078-2420
556708-5120
556782-2688
556437-8601
556039-6961
556942-4848
556732-6425
556722-7284
559117-4452
556656-4570
556968-3427
556633-1830
556551-7116
556400-6509
556622-9851
556168-5735
556642-9931
559026-0815
556442-0965
556238-3439
556832-5582
559135-4245
556774-3090
556475-4033
556339-3783
556864-3265
556752-7360
556777-1547
556656-8894
556884-6512
556512-0408
556878-9555
556792-4484
556977-8888
556627-0608
556612-1322
556847-2822
556518-6649
556207-7536
559098-5437
556515-5461
556096-7712
556226-2971
556336-8553
556414-0506
556764-8794
556070-5062
559072-7433
556787-7088
556613-4580
556866-3156
556381-7245
556771-6195
556443-8645
556615-0172
556813-7920
559168-3692
559060-1729
556988-7358
556499-7103
556861-1676
556651-9350
556543-9931
556582-0148
556216-2650
556933-7214
556218-0546
556728-4970
556602-0896
556758-6416
556526-3786
559101-0607
556576-5681
556401-1962
556533-3365
556253-4890
556573-0412
556225-7088
556221-4535
556042-3716
556835-4160
556080-8767
556837-9969
556533-5170
556743-4575
556492-9668
556659-6531
556794-7642
556447-0366
559024-1682
559121-5602
556577-6373
556762-1346
559026-4346
556872-7191
556721-3649
559041-1327
556598-1874
556374-3995
556329-2928
556658-7019
556958-4138
556964-5319
556871-1138
556194-3274
556979-7177
556532-1980
556291-5966
556891-7867
556864-2994
556748-2293
556928-4705
556379-2604
559100-9633
556794-7808
556136-1907
559114-3432
556270-6373
556934-0895
556732-9098
556837-4515
556715-4454
556894-9977
556638-9887
556837-0612
556539-5851
556482-0776
556552-0805
556737-8244
556776-5796
556292-6872
556800-3957
556822-6293
556875-8659
556624-4835
556403-0905
556803-7799
556204-9170
556891-3106
556210-2300
556993-3657
556796-5123
556530-7146
556564-9588
559042-6366
556917-3890
556910-4366
559038-9747
556874-5185
556911-8515
556612-4888
556734-0079
556948-2994
556059-2593
556805-5536
559030-8614
556714-5544
559062-7310
556638-4953
556988-3092
556684-4691
556562-7584
556308-8250
556537-8816
556782-0120
556738-7815
559047-5835
556630-5578
556726-6621
559012-2940
556672-6922
556452-0996
559130-1808
556155-9419
556607-8746
556910-8813
556791-3594
556476-2424
556993-0554
556132-9565
556608-9735
556661-4714
556766-0674
556765-5369
556546-7411
556679-6941
556281-8285
556478-8874
556646-2742
556875-7560
556836-2007
556962-3456
556803-0216
556339-4021
556058-2982
556290-1206
556693-1316
559113-0736
556464-2808
556892-9953
556456-2808
556573-0594
556219-7763
556819-1000
559123-8166
556970-0668
556502-6654
556691-7224
556667-6440
559096-5314
556592-4148
556988-0411
556351-5179
559035-7082
556179-0204
556898-3968
556745-1041
556965-1937
559077-9079
556590-9586
556390-6063
559101-0722
556540-3911
559027-5144
559067-2472
556362-4880
556981-1200
559057-0122
556925-4328
556080-8411
556998-0922
559049-9439
559091-1136
556561-6538
556543-1771
556994-2377
556584-9824
556220-5467
556822-1690
556386-5137
556729-8129
556259-2930
559070-5710
556464-0323
556686-1463
556881-2126
556646-6610
556194-0759
556800-6661
556742-4618
556639-0018
556516-0727
556543-4478
556599-9157
556829-3988
556960-2054
556952-6832
556593-8973
556759-0046
556701-8519
556863-2540
556815-4438
556810-7196
556607-9991
556900-1539
559103-3377
556754-5800
556201-9652
556452-3412
559024-0627
556547-7121
556980-0112
556093-2914
556438-0201
556712-1081
556852-2865
559055-2831
559060-3865
556692-6027
556855-0338
556910-3111
556655-7384
556994-5073
559117-6655
556680-2079
556398-0449
556840-6739
556548-3137
559058-9031
556906-5468
556408-3177
556714-4992
556666-4396
556718-4105
556375-0115
556691-8313
556743-8907
556746-6460
556979-5288
559042-7489
556414-1421
556867-0227
556880-3588
556826-0474
556661-4029
556694-7783
556420-1563
556979-5023
556531-7624
556459-3415
556729-7345
556562-8418
556906-4602
556875-2686
556658-6516
556892-9466
556643-5599
556875-8808
556786-3575
556486-0921
556905-2672
559118-0111
556737-7816
559129-4094
556548-7278
559102-2040
556938-4364
556597-8458
556602-2132
556672-9629
556479-8998
556581-5874
556441-2434
556072-0244
556372-4334
556519-7240
556307-1512
556809-9856
559143-1845
556522-9324
556218-5396
556877-7089
556503-6828
556768-9574
556732-8439
556544-6431
556497-8806
556577-2091
556785-9904
556359-8571
556637-2040
556509-3217
556871-1856
556079-5337
556971-8462
556897-6368
556759-6035
556564-8044
556527-2548
556953-5635
556603-7171
556450-1483
556376-8786
556941-4377
556791-2125
556555-0018
556748-7102
556991-6892
556868-3741
556377-7951
559017-3489
556597-2154
556927-7816
556255-0128
556307-9168
556806-0684
556467-0700
556054-3166
556285-3803
559067-2282
556549-5628
556092-6247
556460-1119
556831-7662
556611-8278
556494-5375
556125-1793
556574-2532
556888-4257
559013-0521
556536-3388
556060-5478
556254-4535
556633-7746
559004-8939
556760-2668
556704-8854
556691-1664
556830-6699
559077-0961
556157-0408
556407-4853
556376-4645
556702-9896
556802-6214
556271-1183
556533-7820
556514-2527
556150-2971
556524-9389
556458-6237
556627-1705
556524-7789
556500-5922
556472-0125
556824-1680
556652-9888
559119-8741
556476-1483
556691-7414
556225-9431
556974-1662
556464-2410
556566-2615
559119-6505
556649-0883
556181-4251
556403-3933
556895-0124
556566-7689
556503-3585
556341-0793
556101-4100
556567-8553
556240-7956
556678-6280
556635-3198
556818-7982
556737-1561
559089-2948
556646-7402
556909-5259
556486-4527
556908-8072
556130-8635
556747-2997
556223-5969
556244-0650
559032-9776
559104-9696
556108-1463
556311-6309
556747-8291
556809-8221
559057-9040
556602-0441
556394-3181
556743-8394
556872-5294
556531-2039
556383-1600
556980-3504
556621-9555
559134-3842
556308-4960
559033-9817
559029-7098
556165-9037
556398-1652
556321-3791
556486-1424
556785-6827
559003-0416
556774-5046
556092-7203
556976-4797
556842-1282
556124-2511
556429-3339
556041-2537
559012-9481
556645-6363
559013-7096
556803-3103
556685-7651
556671-6428
556552-1159
556741-2282
556274-9738
556629-8351
556934-3592
556970-0916
556308-1495
556201-3911
556580-1205
556721-5180
556798-3795
556692-2778
556711-5174
556763-3150
556795-6031
556821-8803
556965-9112
556606-8861
556606-4092
556695-6388
556821-4760
556251-9933
556731-1518
556646-5877
556400-8927
556642-0393
556053-5659
559143-4484
556050-1537
556628-8691
556779-6239
556538-5894
556644-3544
559123-3571
556114-1655
556744-7551
556631-9975
556224-8251
559147-7558
556482-2079
556770-3946
556338-9294
556814-2136
556618-7331
556159-8276
556446-2322
556882-3255
556604-3419
556645-7049
556822-4975
556817-1358
556603-3238
556647-9159
559056-1451
559131-8794
556900-3279
556709-0526
556921-1039
556070-1160
556270-4246
556628-5994
559071-8440
556644-8402
559046-5547
556989-2846
556822-0817
556562-3062
556503-0680
556575-5450
559113-5503
556502-8056
556540-1733
556912-6203
556897-8877
556845-0059
556623-5452
556905-8687
556676-9997
556703-0704
556627-4816
556767-6936
556111-4249
556935-8277
559062-3137
556482-3135
556146-6540
556757-5310
556555-6882
559069-7792
556213-6233
556869-5547
556822-0718
556814-6269
556404-1860
556792-2686
556686-6728
556804-1031
556569-0442
556771-1303
556898-5161
556863-4454
556621-8086
556251-8935
556857-5004
556960-3243
556636-3775
556765-7365
556399-5793
556243-4950
556320-3347
556620-4649
556383-7862
556906-0642
556264-6421
556702-0358
559071-8150
556567-2440
556701-9509
559005-4572
556824-4619
559041-7738
556367-3788
556525-6897
556201-1592
556973-4592
556316-1867
556213-5938
556898-5559
556947-2409
556997-6532
556293-9248
556672-0958
556042-1306
556289-1365
556515-1130
556886-9282
556485-0237
559118-1317
556216-5331
556772-7895
556712-7955
556944-1099
556667-8537
556719-2595
556610-6760
556797-7508
556921-8182
556668-3412
556539-9507
556088-1681
556622-4928
556229-9379
556642-9584
556935-3575
559025-4388
556512-9045
556635-5110
556018-4201
556875-3114
556398-8764
556628-4591
556601-2638
556996-6822
556222-8188
556452-0251
556700-9641
556496-0549
556999-8932
559035-7504
556492-5880
556725-2241
556831-3844
556896-3937
556682-2820
556894-8417
556536-6118
556686-5639
556731-1559
556422-3930
556583-9544
556430-8889
559005-5991
556256-3188
556771-5981
556644-8972
556718-9815
556755-2384
556984-4128
559117-7893
556472-1396
556340-7849
556944-0042
556988-9198
556100-1446
556769-2610
556672-6658
559118-0921
556501-7133
556495-2959
556702-2669
556372-5943
559058-9262
556930-9049
556205-8726
556687-4888
559098-3952
556745-6487
559131-1500
556731-9271
556621-3863
556819-4319
556781-1392
556662-4739
556381-3707
556610-3965
556569-0178
556632-1195
556521-7741
556531-6824
556611-2859
556907-7216
556652-6884
559028-9699
556488-0523
556848-7010
559145-4425
556815-4354
556789-9371
559113-6154
556243-9124
556729-8376
556862-9546
556772-6780
556794-2965
556219-6120
556671-8986
556706-1790
556133-1355
556754-1072
556664-1568
556705-5933
556695-2627
556466-4075
556876-6892
559085-5713
556995-4620
559034-8941
556641-1970
556425-2012
556604-5216
556964-6887
556601-7330
556349-7097
556722-2640
556222-8568
556796-1353
556665-6160
556493-7463
556791-4626
556877-4862
559106-8175
556756-9727
556372-3278
556117-5794
556482-1279
556577-1432
556704-9209
556573-3507
556271-2694
556496-7999
559107-9974
556860-7682
556926-6645
556161-1186
556313-1795
556465-8952
556700-1424
559045-5498
556473-6204
556743-0227
556319-9156
556896-8092
556174-6172
556792-9236
556515-8788
556254-8676
556455-8251
556788-5289
556665-0742
556318-8100
556912-0826
556523-1643
559119-0789
556330-0879
559019-2208
556255-1225
556691-8115
556566-0270
559056-3903
556360-0567
556847-0586
559125-1185
556842-5762
556459-1708
556625-1483
556525-7069
556824-4122
559052-6454
559100-3800
556418-0817
556656-4455
556495-1100
556700-4766
556765-1913
556727-9970
556711-8343
556136-4661
556829-8755
556963-0725
556659-2241
556073-9798
556776-4492
556841-6746
556591-6946
556730-4174
556816-4296
556313-1183
556849-3604
556295-0823
556911-4571
556953-0487
556656-5593
556736-5092
559097-5040
559055-6501
556860-9316
556115-1993
556375-1568
556818-9541
556698-5445
556914-2762
556474-6682
559071-3409
556482-7417
556625-9833
556698-2681
556597-0430
556832-3512
556894-4382
556882-0715
556815-3687
556889-7382
556841-2687
556979-7342
556436-9683
556443-4586
559089-8424
556455-7527
556893-8038
556561-7239
556806-2409
556222-9095
559116-3679
556816-7695
556626-8941
556642-1896
559109-3629
556471-1546
556926-0671
556843-1141
556982-0359
556652-1323
559082-2929
556700-4535
556585-3925
559050-3933
556991-8997
556206-3346
556858-9880
556929-6238
556965-5623
556714-6922
556875-0938
556145-1211
556955-7308
556688-4150
556836-5109
556446-6943
559073-5550
556707-3365
559019-3651
556543-6309
556251-4280
556899-1151
556861-8820
556640-9891
556661-4748
559007-8373
556711-4474
556135-6402
556731-7564
556588-5133
556418-2748
559073-1864
556476-6557
556252-8769
556609-0014
559043-2406
556208-8632
556923-6556
556183-5306
556217-2642
556728-8682
559070-2733
556711-9077
556768-7081
556523-3623
556524-3820
559009-7803
556642-0112
556436-6515
559120-9886
556216-2908
556806-6780
556556-5032
556407-3335
556469-1425
556731-2904
556742-4733
556027-8995
556749-1740
559062-2642
556618-2266
559129-6628
559069-4310
559086-1554
556550-0328
556412-8949
556215-7163
556068-5272
556750-8790
556702-8187
556130-8007
556764-0932
556615-8001
556630-0991
556662-2220
556713-1643
556719-9079
556665-6996
556648-3193
559036-7768
556733-7505
556570-1629
556945-6279
556546-1729
556433-7185
556661-5034
556756-8539
556703-3294
556225-9472
556521-3641
556697-9455
556800-5473
556878-9621
556446-2074
556114-9773
556848-4439
556740-2580
556538-3964
556187-8850
556968-1983
556780-7671
556285-8554
556921-3449
559120-1016
556534-0261
556804-5123
556676-3768
556201-5601
556660-2743
556806-5287
556968-3229
556523-6402
556781-7563
556733-5038
556577-7660
556147-1177
556637-0861
556445-5409
559014-7731
559102-3931
556506-0414
556616-4256
556701-1621
556897-0221
556119-5305
556667-9683
556748-5601
556796-0413
556951-5223
556659-8966
556219-4281
556099-0540
556160-8810
556249-0127
556912-1386
559092-8486
556401-0246
556959-7577
556516-5098
556625-7084
556362-0565
556816-1961
556857-4031
556089-5673
556125-2031
556986-5016
556924-4584
556719-5234
556988-0858
556802-0746
556664-4844
556422-4664
556586-9673
556117-9721
556721-4126
559133-8974
559141-1409
556592-3033
556984-5992
556546-3154
559077-9137
556839-2079
556848-7994
556409-4042
556734-6019
556525-1930
556197-4196
556312-6894
556925-7057
556209-8870
556288-0277
556736-5902
556169-6195
556905-2516
556536-0780
556178-1369
556771-2046
556541-9883
556638-5596
556157-9540
556756-5642
556561-0390
556387-2182
556358-9935
559069-3619
556948-6102
556572-7764
556415-4994
556748-2095
556728-1877
556667-9766
559023-1758
559016-8844
556645-9037
559075-6366
556280-9276
556198-5879
556043-4275
556873-8529
556237-2630
556631-7474
556080-6308
556064-6282
556772-7341
556968-3807
556152-1658
556831-2705
556600-9089
559154-0918
556143-5784
556692-9625
556940-9682
556799-1061
559073-8992
556087-8976
556080-9955
556786-2197
556703-3138
556340-6320
556676-8908
556972-1219
556635-9146
556650-7264
556645-9086
556290-3293
556511-8204
556478-0541
556881-6523
556477-1904
556929-2260
559074-5294
556405-8161
556946-8076
556562-3617
556014-0245
556685-0300
556577-2000
556654-7435
556854-8035
556194-9545
556327-2540
556117-2296
556508-8704
556828-1116
556859-9129
556852-8763
556445-9773
559020-5216
556903-5073
559117-3207
556922-6029
556456-7666
556104-9940
556788-9497
556918-0259
556112-1467
556561-3659
556602-1688
556138-8942
556661-4896
556090-7585
556227-8365
559011-5555
556502-6795
556682-0584
556205-9955
556576-5590
556897-6665
556970-3720
556846-7343
556185-2319
556426-3225
556520-0937
556337-8669
559128-8229
556631-0792
559031-3622
556294-7746
556530-6585
556364-9200
556115-4815
556551-9856
556414-4433
556460-0921
556613-3558
556851-0621
559038-2064
556731-2821
556698-3093
556577-8247
556764-5907
556870-9645
556935-0126
556666-5120
556511-5382
556729-5968
559012-5703
556705-4035
556875-9079
556669-7792
556786-3880
556230-1704
556588-0563
556809-0756
556680-7540
556603-1075
556729-3740
556456-8235
556347-4294
556749-6350
556853-6311
556281-0928
556290-4937
556696-8250
556846-6139
559006-8416
556538-0879
556913-2367
556728-7601
556354-3452
556417-6930
556660-0879
556753-1040
559004-8863
556755-5346
556784-3411
556819-7924
556924-1978
556177-1246
556085-2831
556637-0754
556955-2754
556560-9921
556734-2885
556325-3847
556597-6460
556390-5255
559142-6951
559039-2790
556677-4187
556671-3201
556988-9990
556696-9928
556364-3831
556598-4159
559009-9171
556523-3037
559136-1414
556601-8106
556743-8113
556105-7802
556737-4995
556934-5779
556563-2279
559115-4462
556465-7145
556800-6513
556363-8856
556375-3341
556647-6627
556489-9804
556747-6774
556592-8636
556190-5414
556387-9484
556886-4465
556701-2033
556777-6264
559006-1163
556567-6060
556560-7610
556975-1869
559148-2566
556121-3413
556313-1621
556368-8422
556340-4200
556642-4197
556769-8732
559000-6705
556849-6920
556858-4014
556776-4674
556305-4724
556967-3105
556731-0502
559009-9684
556741-2068
559044-5416
556905-1419
556916-0616
556681-6475
556634-3686
556265-2353
556754-6170
556697-7970
556946-2061
556491-0411
556662-3269
556829-3053
556492-1798
559080-6443
556336-4412
556485-2142
556664-9033
556682-6714
556639-9357
559048-6956
556578-1357
556698-1402
556733-6531
559094-5118
559049-4927
556049-9971
556578-7313
559131-7283
556672-1980
556826-5440
556850-0325
556716-8157
556795-9506
556568-8107
556686-4434
556075-8129
556593-0095
556242-9463
556872-2093
556543-1789
556837-5454
556135-5529
556600-8008
559098-7904
556076-7443
556800-5457
556826-8238
556442-1724
559163-7334
556654-4119
559009-4057
556657-9537
556801-7239
556799-5781
556854-9843
556311-7117
556609-5054
556684-9385
556552-0607
556796-0975
556593-0251
556715-5931
556189-9856
559001-8569
556810-8038
556593-8304
556990-8543
556685-6695
556672-1949
556621-1958
556569-7314
556452-1622
559146-6064
556885-5265
556334-3887
556882-4345
556838-0710
556773-9445
559018-3793
556678-8930
559196-7608
559117-8594
559044-1647
556702-4855
556848-2086
556637-2263
556963-5211
556293-6467
559106-2947
556910-9738
556755-4687
556743-0136
556581-2574
556504-6462
556759-1465
556894-0711
556272-0556
556423-4283
556528-0608
556643-5474
556596-1991
556863-2896
556591-8660
556786-6503
556296-7876
556682-9528
556916-8874
556689-9968
556674-2812
556490-5445
556704-8060
556662-4721
556668-6464
556142-9829
556729-0480
556566-1401
556255-1100
559143-3007
556975-1893
556463-6990
556632-5147
556393-7944
556920-3580
556665-7473
556882-3479
556577-8304
556352-5426
556416-2393
556746-6437
556980-5715
556987-7789
556445-8304
556164-6836
556532-6872
556269-5964
556710-7502
556828-1496
556558-1088
559009-9965
559115-5147
556639-2550
556661-2692
556769-7684
556740-8595
556733-7463
556448-0977
556649-3945
556149-1084
556999-3479
556602-8311
556406-1124
556657-4629
556547-2569
556729-4755
556800-9038
556920-2160
559022-6766
556944-1800
556758-8982
556647-5744
556671-8978
556936-3343
556310-6292
556102-9918
556866-3057
556762-6618
556450-1079
556873-9287
556654-1040
556602-6331
556545-1175
556970-8026
556961-0743
556833-6431
556902-7047
556912-1345
559122-1642
556816-3884
556188-8420
556528-2463
559159-5938
556827-1067
556413-8617
556818-4310
556842-6778
556692-5847
556392-8968
556752-8319
556616-6624
556942-4210
559061-5299
556848-7457
556091-2924
556446-8014
559021-9233
556921-7127
556438-5846
559007-5528
556306-5761
556522-9936
559151-1661
556649-7052
559091-4973
556512-7783
556926-7171
556984-6867
556551-8361
556838-9489
556224-9796
556252-9262
559043-7777
556211-7118
559120-0265
556601-4683
556516-1469
556456-7765
559008-5105
556866-9245
556367-6039
556712-8151
556605-0059
